{"stats":{"minecraft:used":{"minecraft:apple":1,"minecraft:crafting_table":1,"minecraft:wooden_pickaxe":25},"minecraft:mined":{"minecraft:coal_ore":15,"minecraft:grass_block":2,"minecraft:oak_log":6,"minecraft:stone":10,"minecraft:oak_leaves":1},"minecraft:custom":{"minecraft:time_since_rest":5540,"minecraft:crouch_one_cm":880,"minecraft:play_time":5540,"minecraft:sprint_one_cm":13074,"minecraft:damage_taken":190,"minecraft:walk_one_cm":9630,"minecraft:sneak_time":251,"minecraft:jump":122,"minecraft:time_since_death":5540,"minecraft:total_world_time":5540,"minecraft:interact_with_crafting_table":1,"minecraft:fall_one_cm":4656,"minecraft:fly_one_cm":12030},"minecraft:picked_up":{"minecraft:apple":1,"minecraft:oak_log":6,"minecraft:oak_sapling":1,"minecraft:coal":15,"minecraft:dirt":2,"minecraft:cobblestone":10},"minecraft:crafted":{"minecraft:oak_planks":24,"minecraft:crafting_table":1,"minecraft:stick":4,"minecraft:wooden_pickaxe":1}},"DataVersion":3465}