{"stats":{"minecraft:dropped":{"minecraft:iron_ingot":4,"minecraft:bread":2,"minecraft:birch_planks":4,"minecraft:wheat_seeds":5,"minecraft:cracked_stone_bricks":1,"minecraft:stick":1,"minecraft:oxeye_daisy":1,"iceandfire:blindfold":1,"alexsmobs:emu_feather":1,"minecraft:string":1,"minecraft:birch_log":1,"minecraft:bone":3,"iceandfire:dragonbone":5,"iceandfire:troll_tusk":1,"alexsmobs:emu_egg":1,"minecraft:white_bed":1,"minecraft:hay_block":1,"minecraft:shield":1,"iceandfire:copper_sword":2,"iceandfire:manuscript":2},"minecraft:killed_by":{"alexsmobs:leafcutter_ant":1,"alexsmobs:rhinoceros":1,"iceandfire:ghost":6,"iceandfire:fire_dragon":13},"minecraft:used":{"alexsmobs:emu_egg":3,"iceandfire:lectern":4,"minecraft:stone_shovel":3,"minecraft:chest":1,"minecraft:iron_sword":103,"minecraft:cooked_chicken":3,"minecraft:torch":3,"minecraft:dirt":12,"iceandfire:copper_sword":59,"iceandfire:lightning_lily":1,"minecraft:iron_axe":2,"iceandfire:ghost_chest":2,"minecraft:golden_carrot":1,"minecraft:bow":2,"minecraft:beef":1,"minecraft:hay_block":8,"minecraft:furnace":1,"minecraft:stone_pickaxe":23,"minecraft:wooden_pickaxe":38,"minecraft:cracked_stone_bricks":2,"minecraft:mossy_cobblestone":1,"minecraft:crafting_table":8,"minecraft:white_bed":1,"iceandfire:silver_axe":44,"minecraft:apple":3,"minecraft:bread":17,"iceandfire:ash":2,"minecraft:bucket":1,"minecraft:yellow_bed":6,"alexsmobs:animal_dictionary":7,"iceandfire:fire_lily":3,"minecraft:golden_pickaxe":5},"minecraft:killed":{"alexsmobs:blue_jay":1,"alexsmobs:leafcutter_ant":1,"minecraft:chicken":3,"minecraft:creeper":1,"alexsmobs:emu":1,"alexsmobs:elephant":1,"iceandfire:ghost":1,"minecraft:cow":1},"minecraft:mined":{"iceandfire:lightning_lily":1,"minecraft:white_bed":2,"iceandfire:graveyard_soil":1,"minecraft:farmland":2,"iceandfire:silver_ore":2,"minecraft:mossy_cobblestone":3,"alexsmobs:leafcutter_anthill":1,"minecraft:acacia_log":10,"minecraft:grass_block":7,"iceandfire:lectern":4,"minecraft:frosted_ice":1,"minecraft:hay_block":15,"minecraft:furnace":1,"minecraft:iron_ore":10,"minecraft:fire":11,"minecraft:acacia_wood":1,"minecraft:pumpkin":4,"minecraft:vine":7,"minecraft:stone":20,"minecraft:acacia_leaves":4,"minecraft:brown_mushroom":1,"minecraft:glass_pane":2,"minecraft:crafting_table":6,"minecraft:torch":2,"minecraft:melon":13,"iceandfire:ghost_chest":2,"iceandfire:fire_lily":2,"minecraft:tall_grass":1,"minecraft:birch_leaves":3,"minecraft:yellow_bed":6,"minecraft:wither_rose":1,"minecraft:grass":61,"minecraft:oak_log":6,"minecraft:coal_ore":15,"minecraft:dirt":9,"minecraft:cobweb":5,"minecraft:cracked_stone_bricks":2,"minecraft:oak_leaves":4,"minecraft:fern":1},"minecraft:custom":{"minecraft:mob_kills":13,"minecraft:animals_bred":1,"minecraft:interact_with_crafting_table":33,"minecraft:time_since_death":1654,"minecraft:climb_one_cm":878,"minecraft:sprint_one_cm":351770,"minecraft:walk_one_cm":298018,"minecraft:drop":33,"minecraft:talked_to_villager":4,"minecraft:play_time":113540,"minecraft:deaths":21,"minecraft:sneak_time":918,"minecraft:walk_under_water_one_cm":10722,"minecraft:jump":2101,"minecraft:walk_on_water_one_cm":10613,"minecraft:total_world_time":113540,"minecraft:interact_with_furnace":7,"minecraft:sleep_in_bed":8,"minecraft:time_since_rest":1686,"minecraft:damage_taken":6467,"minecraft:trigger_trapped_chest":6,"minecraft:damage_dealt":3808,"minecraft:swim_one_cm":48915,"minecraft:fly_one_cm":470634,"minecraft:open_chest":41,"minecraft:crouch_one_cm":2362,"minecraft:fall_one_cm":40947},"minecraft:picked_up":{"iceandfire:dragon_skull_lightning":1,"minecraft:crafting_table":8,"minecraft:wheat":45,"minecraft:chicken":3,"iceandfire:copper_sword":1,"iceandfire:fire_lily":5,"minecraft:brown_mushroom":2,"minecraft:wooden_pickaxe":3,"minecraft:wither_rose":2,"minecraft:shield":4,"alexsmobs:gazelle_horn":3,"iceandfire:manuscript":48,"minecraft:string":14,"minecraft:iron_axe":1,"minecraft:cracked_stone_bricks":3,"iceandfire:bestiary":1,"alexsmobs:emu_feather":1,"minecraft:beef":19,"minecraft:melon_slice":61,"minecraft:sugar_cane":16,"minecraft:birch_sapling":1,"minecraft:furnace":3,"minecraft:egg":8,"minecraft:stick":35,"minecraft:raw_iron":10,"iceandfire:ghost_chest":2,"iceandfire:dragonbone":15,"iceandfire:troll_tusk":2,"minecraft:torch":18,"minecraft:acacia_log":10,"iceandfire:rotten_egg":1,"iceandfire:lightning_lily":1,"iceandfire:blindfold":5,"minecraft:stone_shovel":4,"minecraft:stone_sword":5,"iceandfire:silver_ingot":3,"minecraft:arrow":6,"minecraft:rotten_flesh":1,"minecraft:shears":3,"minecraft:hay_block":113,"alexsmobs:emu_egg":7,"minecraft:gold_ingot":6,"iceandfire:earplugs":2,"minecraft:skeleton_skull":3,"minecraft:cobblestone":47,"minecraft:white_wool":28,"minecraft:oxeye_daisy":1,"iceandfire:silver_axe":3,"minecraft:birch_log":2,"minecraft:feather":12,"minecraft:water_bucket":2,"minecraft:leather":73,"minecraft:acacia_wood":1,"minecraft:potato":42,"minecraft:birch_planks":25,"minecraft:oak_log":39,"iceandfire:ectoplasm":4,"minecraft:yellow_bed":7,"minecraft:paper":24,"minecraft:dirt":65,"minecraft:leather_boots":4,"minecraft:bone":59,"minecraft:apple":13,"minecraft:bow":6,"minecraft:wheat_seeds":74,"minecraft:iron_ingot":4,"minecraft:stone_pickaxe":3,"minecraft:iron_sword":7,"minecraft:oak_planks":15,"minecraft:book":8,"iceandfire:copper_nugget":300,"minecraft:pumpkin":16,"iceandfire:ash":2,"minecraft:white_bed":3,"minecraft:leather_helmet":1,"alexsmobs:animal_dictionary":5,"minecraft:mossy_cobblestone":1,"iceandfire:lectern":4,"minecraft:emerald":40,"minecraft:bread":155,"minecraft:oak_sapling":18,"minecraft:coal":48,"minecraft:oak_leaves":6,"iceandfire:raw_silver":8},"minecraft:crafted":{"minecraft:oak_planks":24,"minecraft:cooked_chicken":3,"iceandfire:dragon_stick":1,"minecraft:furnace":1,"iceandfire:lectern":1,"minecraft:stone_pickaxe":1,"minecraft:chest":1,"minecraft:wheat":9,"iceandfire:silver_axe":1,"minecraft:crafting_table":3,"iceandfire:blindfold":1,"minecraft:wooden_pickaxe":1,"minecraft:iron_sword":2,"minecraft:copper_ingot":5,"iceandfire:earplugs":1,"minecraft:bread":18,"minecraft:air":0,"iceandfire:bestiary":1,"minecraft:shield":2,"minecraft:stick":8,"minecraft:iron_ingot":12,"minecraft:iron_pickaxe":1,"iceandfire:dragon_horn":1,"minecraft:acacia_planks":44,"minecraft:shears":1}},"DataVersion":3465}