{"stats":{"minecraft:dropped":{"minecraft:iron_ingot":4,"minecraft:bread":17,"minecraft:iron_sword":1,"minecraft:birch_planks":4,"minecraft:wheat_seeds":5,"minecraft:crafting_table":1,"minecraft:cobblestone":1,"iceandfire:dragon_stick":2,"minecraft:cracked_stone_bricks":1,"minecraft:leather_helmet":1,"minecraft:stick":2,"minecraft:oxeye_daisy":1,"minecraft:dirt":41,"alexsmobs:roadrunner_feather":2,"iceandfire:blindfold":1,"minecraft:torch":42,"iceandfire:dragon_horn":1,"minecraft:rose_bush":1,"minecraft:wither_rose":1,"minecraft:iron_leggings":3,"alexsmobs:emu_feather":1,"minecraft:iron_pickaxe":1,"minecraft:dark_oak_boat":1,"minecraft:dark_oak_planks":4,"minecraft:string":2,"minecraft:birch_log":1,"minecraft:white_wool":4,"minecraft:bone":8,"minecraft:gold_ingot":64,"iceandfire:dragonbone":5,"minecraft:compass":2,"minecraft:stone_sword":1,"alexsmobs:animal_dictionary":2,"minecraft:birch_sapling":1,"minecraft:oak_planks":36,"iceandfire:troll_tusk":1,"alexsmobs:emu_egg":1,"minecraft:white_bed":4,"minecraft:hay_block":32,"minecraft:shield":4,"minecraft:gunpowder":3,"iceandfire:copper_sword":2,"minecraft:skeleton_skull":3,"minecraft:iron_chestplate":5,"iceandfire:bestiary":1,"minecraft:oak_sapling":8,"minecraft:chest":1,"minecraft:golden_sword":1,"minecraft:stone_bricks":3,"iceandfire:manuscript":2},"minecraft:killed_by":{"minecraft:creeper":1,"alexsmobs:emu":1,"alexsmobs:leafcutter_ant":1,"alexsmobs:rhinoceros":1,"iceandfire:ghost":10,"iceandfire:fire_dragon":15},"minecraft:used":{"alexsmobs:emu_egg":4,"iceandfire:lectern":5,"iceandfire:silver_sword":4,"minecraft:red_sand":1,"minecraft:flint_and_steel":1,"minecraft:stone_shovel":3,"minecraft:chest":1,"minecraft:white_terracotta":1,"minecraft:shield":78,"minecraft:iron_sword":106,"minecraft:cooked_chicken":3,"minecraft:torch":47,"minecraft:dirt":12,"iceandfire:copper_sword":59,"minecraft:obsidian":4,"minecraft:dark_oak_planks":4,"iceandfire:lightning_lily":1,"minecraft:iron_axe":2,"iceandfire:ghost_chest":5,"minecraft:golden_sword":1,"minecraft:golden_carrot":2,"minecraft:bow":2,"minecraft:beef":1,"minecraft:dark_oak_boat":1,"minecraft:hay_block":8,"minecraft:furnace":4,"minecraft:cooked_beef":5,"minecraft:orange_terracotta":9,"minecraft:stone_pickaxe":23,"minecraft:oak_planks":14,"minecraft:wooden_pickaxe":38,"minecraft:cracked_stone_bricks":2,"minecraft:sand":1,"minecraft:rail":1,"minecraft:mossy_cobblestone":1,"minecraft:terracotta":21,"minecraft:yellow_terracotta":1,"minecraft:crafting_table":12,"minecraft:light_gray_terracotta":2,"minecraft:white_bed":1,"iceandfire:silver_axe":189,"minecraft:apple":5,"minecraft:bread":30,"minecraft:iron_pickaxe":150,"minecraft:red_terracotta":3,"iceandfire:ash":2,"minecraft:cobblestone":19,"minecraft:dark_oak_fence":2,"minecraft:bucket":1,"minecraft:yellow_bed":14,"alexsmobs:animal_dictionary":16,"iceandfire:fire_lily":4,"minecraft:golden_pickaxe":19},"minecraft:killed":{"alexsmobs:rattlesnake":1,"minecraft:skeleton":2,"alexsmobs:blue_jay":1,"alexsmobs:leafcutter_ant":1,"minecraft:chicken":3,"minecraft:creeper":2,"alexsmobs:emu":1,"alexsmobs:elephant":1,"iceandfire:ghost":3,"alexsmobs:roadrunner":6,"minecraft:cow":1},"minecraft:broken":{"minecraft:shield":1},"minecraft:mined":{"iceandfire:lightning_lily":1,"minecraft:white_bed":5,"iceandfire:graveyard_soil":1,"minecraft:farmland":2,"iceandfire:silver_ore":6,"minecraft:mossy_cobblestone":3,"alexsmobs:leafcutter_anthill":1,"minecraft:dark_oak_log":2,"minecraft:jungle_leaves":8,"minecraft:acacia_log":10,"minecraft:grass_block":7,"iceandfire:lectern":5,"minecraft:frosted_ice":1,"minecraft:hay_block":15,"minecraft:magma_block":1,"minecraft:furnace":6,"minecraft:iron_ore":29,"minecraft:fire":12,"minecraft:acacia_wood":1,"minecraft:pumpkin":4,"minecraft:vine":17,"minecraft:stone":55,"minecraft:acacia_leaves":4,"minecraft:brown_mushroom":1,"minecraft:glass_pane":2,"minecraft:orange_terracotta":5,"minecraft:crafting_table":12,"minecraft:torch":6,"minecraft:light_gray_terracotta":2,"minecraft:dark_oak_wood":4,"minecraft:melon":13,"iceandfire:ghost_chest":9,"minecraft:dead_bush":5,"iceandfire:fire_lily":3,"minecraft:tall_grass":1,"minecraft:oak_planks":14,"minecraft:wall_torch":5,"minecraft:white_terracotta":2,"minecraft:red_terracotta":4,"minecraft:birch_leaves":3,"minecraft:wither_rose":1,"minecraft:yellow_bed":16,"minecraft:grass":75,"minecraft:coal_ore":59,"minecraft:oak_log":7,"minecraft:sand":4,"minecraft:dirt":9,"minecraft:mossy_stone_bricks":2,"minecraft:cobweb":5,"minecraft:stone_bricks":1,"minecraft:cracked_stone_bricks":3,"minecraft:terracotta":21,"minecraft:netherrack":2,"minecraft:oak_leaves":7,"minecraft:fern":1,"minecraft:yellow_terracotta":2,"minecraft:dark_oak_planks":32},"minecraft:custom":{"minecraft:mob_kills":33,"minecraft:animals_bred":1,"minecraft:interact_with_crafting_table":48,"minecraft:leave_game":1,"minecraft:time_since_death":41790,"minecraft:climb_one_cm":7763,"minecraft:sprint_one_cm":578392,"minecraft:walk_one_cm":535227,"minecraft:damage_blocked_by_shield":1620,"minecraft:drop":96,"minecraft:talked_to_villager":4,"minecraft:play_time":215346,"minecraft:sneak_time":3117,"minecraft:deaths":29,"minecraft:walk_under_water_one_cm":19033,"minecraft:boat_one_cm":495416,"minecraft:jump":3639,"minecraft:walk_on_water_one_cm":15398,"minecraft:total_world_time":215346,"minecraft:interact_with_furnace":8,"minecraft:sleep_in_bed":14,"minecraft:time_since_rest":18075,"minecraft:damage_taken":9463,"minecraft:trigger_trapped_chest":12,"minecraft:damage_dealt":8441,"minecraft:swim_one_cm":70364,"minecraft:fly_one_cm":734662,"minecraft:open_chest":46,"minecraft:crouch_one_cm":9502,"minecraft:fall_one_cm":71860},"minecraft:picked_up":{"iceandfire:dragon_skull_lightning":1,"minecraft:iron_chestplate":15,"minecraft:crafting_table":16,"minecraft:wheat":45,"minecraft:chicken":3,"iceandfire:copper_sword":1,"minecraft:golden_pickaxe":2,"iceandfire:fire_lily":6,"minecraft:brown_mushroom":2,"minecraft:wooden_pickaxe":3,"alexsmobs:roadrunner_feather":6,"minecraft:wither_rose":5,"minecraft:shield":9,"minecraft:golden_sword":1,"alexsmobs:gazelle_horn":3,"iceandfire:manuscript":60,"minecraft:string":23,"minecraft:iron_axe":1,"minecraft:flint_and_steel":2,"minecraft:iron_leggings":9,"minecraft:compass":12,"minecraft:cracked_stone_bricks":3,"iceandfire:bestiary":6,"alexsmobs:emu_feather":1,"minecraft:red_sand":1,"minecraft:gold_nugget":31,"minecraft:beef":19,"minecraft:rose_bush":2,"minecraft:jungle_sapling":1,"minecraft:iron_pickaxe":2,"minecraft:melon_slice":167,"minecraft:sugar_cane":25,"minecraft:chest":1,"minecraft:birch_sapling":2,"minecraft:furnace":9,"minecraft:egg":8,"minecraft:stick":57,"minecraft:raw_iron":29,"iceandfire:dragonbone":41,"iceandfire:ghost_chest":5,"iceandfire:troll_tusk":3,"minecraft:copper_ingot":6,"minecraft:torch":62,"minecraft:acacia_log":10,"iceandfire:rotten_egg":1,"minecraft:dark_oak_planks":36,"iceandfire:lightning_lily":1,"iceandfire:blindfold":6,"iceandfire:silver_ingot":10,"minecraft:stone_sword":9,"minecraft:arrow":10,"minecraft:stone_shovel":4,"minecraft:rotten_flesh":1,"minecraft:shears":3,"minecraft:hay_block":297,"minecraft:yellow_terracotta":1,"alexsmobs:emu_egg":9,"minecraft:gold_ingot":262,"iceandfire:earplugs":2,"minecraft:white_terracotta":1,"minecraft:rail":2,"minecraft:mutton":51,"minecraft:skeleton_skull":9,"minecraft:white_wool":32,"minecraft:cobblestone":67,"minecraft:oxeye_daisy":1,"iceandfire:silver_axe":7,"minecraft:birch_log":2,"minecraft:feather":20,"minecraft:cooked_beef":15,"minecraft:golden_carrot":26,"minecraft:water_bucket":2,"minecraft:leather":117,"minecraft:dark_oak_boat":1,"minecraft:acacia_wood":1,"minecraft:potato":114,"minecraft:birch_planks":25,"minecraft:oak_log":48,"iceandfire:ectoplasm":19,"minecraft:yellow_bed":17,"minecraft:gunpowder":6,"minecraft:dirt":188,"minecraft:paper":24,"minecraft:orange_terracotta":9,"minecraft:leather_boots":8,"minecraft:stone_bricks":3,"minecraft:bone":87,"minecraft:apple":41,"minecraft:bow":10,"minecraft:wheat_seeds":75,"iceandfire:dragon_stick":5,"minecraft:iron_ingot":32,"minecraft:stone_pickaxe":3,"minecraft:mossy_stone_bricks":2,"minecraft:iron_sword":11,"minecraft:oak_planks":65,"minecraft:acacia_sapling":1,"minecraft:book":29,"iceandfire:copper_nugget":300,"iceandfire:dragon_horn":5,"minecraft:pumpkin":20,"iceandfire:ash":2,"minecraft:sand":1,"iceandfire:dragon_skull_fire":1,"minecraft:red_terracotta":3,"minecraft:white_bed":6,"minecraft:mossy_cobblestone":1,"alexsmobs:animal_dictionary":15,"minecraft:leather_helmet":4,"minecraft:light_gray_terracotta":3,"iceandfire:lectern":6,"minecraft:iron_helmet":4,"alexsmobs:rattlesnake_rattle":2,"minecraft:emerald":45,"minecraft:bread":263,"minecraft:terracotta":26,"minecraft:dark_oak_wood":4,"minecraft:oak_sapling":26,"minecraft:dark_oak_fence":4,"minecraft:coal":121,"minecraft:oak_leaves":6,"iceandfire:raw_silver":14},"minecraft:crafted":{"minecraft:oak_planks":60,"minecraft:dark_oak_boat":1,"minecraft:cooked_chicken":3,"iceandfire:dragon_stick":2,"minecraft:furnace":1,"iceandfire:lectern":1,"minecraft:stone_pickaxe":1,"minecraft:chest":1,"minecraft:dark_oak_planks":16,"minecraft:wheat":9,"iceandfire:silver_axe":1,"iceandfire:silver_ingot":1,"minecraft:crafting_table":4,"iceandfire:blindfold":1,"minecraft:wooden_pickaxe":1,"minecraft:iron_sword":2,"minecraft:copper_ingot":5,"iceandfire:earplugs":1,"minecraft:bread":18,"minecraft:air":0,"iceandfire:bestiary":1,"minecraft:white_wool":2,"minecraft:shield":3,"minecraft:stick":44,"minecraft:iron_ingot":12,"minecraft:iron_pickaxe":2,"iceandfire:dragon_horn":1,"minecraft:acacia_planks":44,"minecraft:torch":136,"iceandfire:silver_sword":1,"minecraft:shears":1}},"DataVersion":3465}