{"stats":{"minecraft:crafted":{"minecraft:oak_planks":60,"minecraft:dark_oak_boat":1,"iceandfire:tide_purple_leggings":2,"minecraft:cooked_chicken":3,"iceandfire:silver_shovel":1,"iceandfire:tide_purple_boots":3,"iceandfire:lectern":1,"iceandfire:tide_deepblue_chestplate":1,"minecraft:cooked_mutton":10,"iceandfire:tide_purple_chestplate":2,"iceandfire:tide_purple_helmet":2,"minecraft:bamboo_block":5,"minecraft:chest":1,"minecraft:acacia_fence":12,"iceandfire:silver_axe":1,"minecraft:crafting_table":5,"iceandfire:blindfold":1,"minecraft:wooden_pickaxe":1,"minecraft:brush":1,"minecraft:copper_ingot":5,"iceandfire:tide_deepblue_leggings":1,"minecraft:hay_block":49,"iceandfire:earplugs":1,"minecraft:bamboo_planks":8,"minecraft:shield":3,"minecraft:stick":52,"minecraft:iron_ingot":12,"minecraft:iron_pickaxe":2,"iceandfire:dragon_horn":1,"iceandfire:silver_sword":1,"minecraft:shears":1,"iceandfire:dragon_stick":2,"minecraft:furnace":1,"minecraft:stone_pickaxe":1,"minecraft:dark_oak_planks":16,"iceandfire:tide_deepblue_helmet":1,"minecraft:wheat":513,"minecraft:cooked_beef":6,"iceandfire:silver_ingot":1,"minecraft:iron_sword":2,"minecraft:bread":39,"minecraft:air":0,"iceandfire:bestiary":1,"minecraft:white_wool":2,"minecraft:acacia_planks":84,"minecraft:torch":136},"minecraft:mined":{"minecraft:dark_oak_planks":32,"minecraft:white_bed":7,"iceandfire:graveyard_soil":3,"minecraft:farmland":2,"minecraft:cobblestone_stairs":5,"alexsmobs:leafcutter_anthill":1,"minecraft:jungle_leaves":16,"minecraft:acacia_log":20,"minecraft:grass_block":11,"iceandfire:lectern":5,"minecraft:frosted_ice":1,"minecraft:tall_seagrass":2,"minecraft:magma_block":1,"minecraft:iron_ore":29,"minecraft:fire":16,"minecraft:pumpkin":4,"minecraft:stripped_bamboo_block":3,"minecraft:brown_mushroom":2,"minecraft:orange_terracotta":5,"minecraft:torch":10,"minecraft:light_gray_terracotta":2,"minecraft:dark_oak_wood":4,"minecraft:melon":19,"iceandfire:ghost_chest":10,"minecraft:chest":2,"minecraft:dead_bush":5,"iceandfire:fire_lily":3,"minecraft:cobblestone":3,"minecraft:oak_planks":21,"minecraft:wall_torch":5,"minecraft:white_terracotta":2,"minecraft:wither_rose":1,"minecraft:grass":145,"minecraft:oak_log":7,"minecraft:acacia_fence":15,"minecraft:sand":5,"minecraft:dirt":13,"minecraft:dispenser":2,"minecraft:netherrack":2,"minecraft:oak_leaves":11,"minecraft:yellow_terracotta":2,"iceandfire:lightning_lily":1,"iceandfire:silver_ore":8,"minecraft:mossy_cobblestone":9,"minecraft:dark_oak_log":2,"minecraft:large_fern":1,"minecraft:hay_block":16,"minecraft:furnace":10,"minecraft:acacia_wood":1,"minecraft:vine":20,"minecraft:bamboo":1,"minecraft:stone":56,"minecraft:acacia_leaves":4,"minecraft:glass_pane":2,"minecraft:crafting_table":21,"minecraft:tall_grass":21,"minecraft:red_terracotta":4,"minecraft:birch_leaves":3,"minecraft:yellow_bed":25,"minecraft:coal_ore":74,"minecraft:cobweb":7,"minecraft:cracked_stone_bricks":3,"minecraft:terracotta":21,"minecraft:acacia_planks":2,"minecraft:stone_bricks":1,"minecraft:mossy_stone_bricks":2,"minecraft:fern":10},"minecraft:broken":{"minecraft:iron_chestplate":1,"minecraft:iron_leggings":1,"minecraft:shield":1,"minecraft:leather_boots":1,"iceandfire:tide_bronze_helmet":1},"minecraft:picked_up":{"minecraft:iron_chestplate":17,"minecraft:wheat":45,"iceandfire:copper_sword":1,"minecraft:wither_rose":5,"minecraft:enchanted_book":1,"minecraft:golden_sword":6,"iceandfire:manuscript":60,"alexsmobs:gazelle_horn":3,"minecraft:string":37,"alexsmobs:ancient_dart":1,"minecraft:iron_leggings":10,"iceandfire:sea_serpent_scales_bronze":15,"minecraft:red_sand":1,"alexsmobs:emu_feather":1,"minecraft:gold_nugget":31,"minecraft:rose_bush":2,"minecraft:iron_pickaxe":10,"minecraft:melon_slice":176,"minecraft:furnace":21,"minecraft:stick":70,"iceandfire:ghost_chest":6,"minecraft:acacia_fence":14,"minecraft:acacia_log":20,"minecraft:torch":565,"iceandfire:rotten_egg":1,"iceandfire:tide_purple_leggings":1,"iceandfire:lightning_lily":1,"minecraft:bamboo_block":2,"minecraft:stone_sword":9,"minecraft:rotten_flesh":19,"alexsmobs:emu_egg":9,"iceandfire:tide_purple_helmet":1,"minecraft:white_terracotta":1,"minecraft:iron_bars":3,"alexsmobs:flying_fish":1,"minecraft:cobblestone":72,"minecraft:birch_log":2,"minecraft:feather":21,"minecraft:cooked_beef":15,"minecraft:water_bucket":2,"minecraft:dark_oak_boat":6,"minecraft:potato":240,"minecraft:dirt":278,"minecraft:leather_boots":9,"minecraft:stripped_bamboo_block":3,"minecraft:bone":88,"minecraft:acacia_planks":78,"minecraft:bow":15,"minecraft:wheat_seeds":104,"minecraft:raw_gold":75,"minecraft:mossy_stone_bricks":4,"minecraft:bamboo":66,"minecraft:oak_planks":128,"iceandfire:dragon_skull_fire":1,"minecraft:sand":2,"alexsmobs:animal_dictionary":22,"minecraft:red_terracotta":3,"minecraft:mossy_cobblestone":6,"minecraft:light_gray_terracotta":3,"minecraft:dispenser":2,"iceandfire:lectern":6,"minecraft:lever":1,"alexsmobs:rattlesnake_rattle":2,"iceandfire:gorgon_head":1,"minecraft:emerald":45,"minecraft:bread":293,"alexsmobs:maggot":5,"minecraft:oak_sapling":26,"minecraft:dark_oak_fence":4,"minecraft:oak_leaves":6,"iceandfire:raw_silver":26,"iceandfire:dragon_skull_lightning":2,"minecraft:crafting_table":24,"minecraft:chicken":4,"minecraft:golden_pickaxe":6,"iceandfire:fire_lily":6,"minecraft:brown_mushroom":30,"minecraft:wooden_pickaxe":3,"alexsmobs:roadrunner_feather":8,"minecraft:shield":14,"minecraft:iron_axe":1,"minecraft:flint_and_steel":2,"iceandfire:tide_bronze_helmet":1,"minecraft:compass":26,"iceandfire:graveyard_soil":5,"minecraft:cracked_stone_bricks":3,"iceandfire:bestiary":13,"minecraft:beef":25,"minecraft:jungle_sapling":1,"minecraft:sugar_cane":52,"minecraft:chest":7,"minecraft:birch_sapling":2,"minecraft:egg":9,"minecraft:raw_iron":29,"iceandfire:dragonbone":169,"iceandfire:troll_tusk":3,"minecraft:copper_ingot":7,"minecraft:redstone":1,"minecraft:dark_oak_planks":47,"iceandfire:blindfold":6,"minecraft:stone_shovel":4,"iceandfire:silver_ingot":22,"minecraft:arrow":21,"iceandfire:sea_serpent_scales_purple":54,"minecraft:beetroot_seeds":4,"minecraft:shears":3,"minecraft:hay_block":627,"minecraft:yellow_terracotta":1,"minecraft:oak_chest_boat":9,"minecraft:gold_ingot":327,"iceandfire:earplugs":2,"minecraft:mutton":105,"minecraft:rail":74,"minecraft:skeleton_skull":9,"minecraft:white_wool":35,"minecraft:oxeye_daisy":1,"iceandfire:silver_axe":14,"iceandfire:sea_serpent_fang":61,"minecraft:golden_carrot":32,"minecraft:leather":161,"alexsmobs:acacia_blossom":1,"minecraft:acacia_wood":1,"minecraft:filled_map":4,"minecraft:birch_planks":25,"minecraft:mushroom_stew":2,"alexsmobs:cachalot_whale_tooth":3,"minecraft:oak_log":48,"minecraft:lily_pad":5,"iceandfire:ectoplasm":32,"minecraft:yellow_bed":32,"minecraft:gunpowder":9,"minecraft:cobblestone_stairs":4,"minecraft:paper":24,"minecraft:orange_terracotta":9,"minecraft:apple":59,"minecraft:stone_bricks":3,"iceandfire:dragon_stick":12,"alexsmobs:cockroach_wing_fragment":4,"minecraft:iron_ingot":72,"minecraft:stone_pickaxe":3,"iceandfire:sea_serpent_scales_deepblue":20,"minecraft:iron_sword":11,"minecraft:acacia_sapling":2,"minecraft:book":34,"iceandfire:copper_nugget":301,"iceandfire:dragon_horn":12,"minecraft:pumpkin":20,"minecraft:chiseled_stone_bricks":1,"minecraft:brush":1,"iceandfire:ash":2,"minecraft:white_bed":10,"minecraft:spider_eye":1,"minecraft:leather_helmet":6,"iceandfire:silver_sword":9,"minecraft:iron_helmet":5,"minecraft:terracotta":26,"minecraft:dark_oak_wood":4,"minecraft:mangrove_propagule":1,"minecraft:coal":259},"minecraft:custom":{"minecraft:animals_bred":1,"minecraft:interact_with_crafting_table":61,"minecraft:leave_game":6,"minecraft:time_since_death":63347,"minecraft:sprint_one_cm":978995,"minecraft:damage_blocked_by_shield":1725,"minecraft:drop":277,"minecraft:talked_to_villager":4,"minecraft:play_time":411536,"minecraft:deaths":41,"minecraft:jump":6882,"minecraft:walk_on_water_one_cm":49578,"minecraft:interact_with_furnace":20,"minecraft:sleep_in_bed":22,"minecraft:damage_dealt":15228,"minecraft:crouch_one_cm":27756,"minecraft:mob_kills":53,"minecraft:climb_one_cm":24770,"minecraft:walk_one_cm":1019915,"minecraft:sneak_time":9365,"minecraft:walk_under_water_one_cm":63473,"minecraft:boat_one_cm":1468455,"minecraft:total_world_time":411536,"minecraft:time_since_rest":8782,"minecraft:damage_taken":2147483647,"minecraft:trigger_trapped_chest":12,"minecraft:swim_one_cm":126993,"minecraft:fly_one_cm":1418338,"minecraft:open_chest":58,"minecraft:fall_one_cm":149469},"minecraft:used":{"alexsmobs:emu_egg":4,"iceandfire:lectern":5,"minecraft:red_sand":1,"minecraft:chest":2,"minecraft:white_terracotta":1,"minecraft:shield":80,"minecraft:iron_sword":106,"minecraft:iron_chestplate":1,"minecraft:mutton":7,"minecraft:obsidian":4,"iceandfire:lightning_lily":1,"iceandfire:ghost_chest":5,"minecraft:golden_sword":2,"minecraft:bow":2,"minecraft:dark_oak_boat":2,"minecraft:hay_block":14,"minecraft:furnace":8,"minecraft:acacia_fence":16,"minecraft:egg":1,"minecraft:oak_chest_boat":6,"minecraft:stone_pickaxe":23,"minecraft:oak_planks":14,"minecraft:wooden_pickaxe":38,"minecraft:glow_berries":8,"minecraft:yellow_terracotta":1,"minecraft:sand":2,"minecraft:mushroom_stew":2,"minecraft:light_gray_terracotta":2,"iceandfire:silver_axe":282,"minecraft:bread":51,"minecraft:red_terracotta":3,"minecraft:dark_oak_fence":2,"iceandfire:fire_lily":4,"minecraft:golden_pickaxe":19,"minecraft:iron_bars":3,"iceandfire:silver_sword":238,"minecraft:flint_and_steel":1,"minecraft:stone_shovel":3,"minecraft:cooked_chicken":3,"minecraft:torch":76,"minecraft:dirt":19,"iceandfire:copper_sword":59,"minecraft:dark_oak_planks":4,"alexsmobs:maggot":2,"minecraft:iron_axe":2,"minecraft:golden_carrot":6,"minecraft:beef":1,"minecraft:cooked_beef":9,"minecraft:acacia_planks":2,"minecraft:orange_terracotta":9,"minecraft:bamboo_planks":8,"minecraft:cooked_mutton":1,"iceandfire:tide_bronze_helmet":1,"minecraft:cracked_stone_bricks":2,"minecraft:mossy_cobblestone":3,"minecraft:rail":1,"minecraft:terracotta":21,"minecraft:crafting_table":19,"minecraft:bamboo_block":3,"minecraft:white_bed":3,"iceandfire:tide_purple_chestplate":1,"alexsmobs:flying_fish":1,"minecraft:apple":13,"minecraft:mangrove_propagule":1,"minecraft:chicken":1,"minecraft:iron_pickaxe":191,"iceandfire:ash":2,"minecraft:chiseled_stone_bricks":1,"minecraft:cobblestone":22,"minecraft:bucket":1,"minecraft:yellow_bed":23,"alexsmobs:animal_dictionary":23,"minecraft:brush":7,"iceandfire:silver_shovel":3},"minecraft:killed":{"iceandfire:stymphalian_bird":1,"minecraft:skeleton":2,"alexsmobs:leafcutter_ant":1,"alexsmobs:capuchin_monkey":1,"minecraft:chicken":3,"minecraft:creeper":2,"minecraft:zombie":1,"minecraft:mooshroom":1,"alexsmobs:roadrunner":6,"alexsmobs:fly":2,"alexsmobs:mungus":1,"minecraft:cow":1,"alexsmobs:seagull":1,"alexsmobs:rattlesnake":1,"alexsmobs:blue_jay":1,"minecraft:drowned":1,"alexsmobs:emu":1,"alexsmobs:cockroach":1,"alexsmobs:elephant":1,"iceandfire:ghost":5},"minecraft:killed_by":{"minecraft:creeper":1,"alexsmobs:emu":1,"alexsmobs:leafcutter_ant":1,"alexsmobs:capuchin_monkey":1,"minecraft:drowned":1,"iceandfire:sea_serpent":2,"alexsmobs:rhinoceros":1,"iceandfire:fire_dragon":15,"alexsmobs:bison":1,"iceandfire:gorgon":5,"minecraft:skeleton":1,"iceandfire:lightning_dragon":1,"iceandfire:ghost":10},"minecraft:dropped":{"minecraft:iron_sword":1,"minecraft:brown_mushroom":28,"minecraft:birch_planks":4,"minecraft:crafting_table":2,"iceandfire:tide_purple_boots":2,"minecraft:cracked_stone_bricks":1,"iceandfire:tide_purple_leggings":2,"minecraft:rail":36,"minecraft:leather_helmet":4,"iceandfire:graveyard_soil":5,"minecraft:cobblestone_stairs":4,"minecraft:dirt":41,"alexsmobs:roadrunner_feather":2,"minecraft:brush":1,"iceandfire:blindfold":1,"minecraft:dispenser":2,"iceandfire:dragon_horn":1,"alexsmobs:emu_feather":1,"minecraft:iron_pickaxe":1,"minecraft:dark_oak_planks":4,"minecraft:birch_log":1,"minecraft:dark_oak_boat":1,"minecraft:white_wool":4,"minecraft:gold_ingot":64,"minecraft:bone":9,"iceandfire:tide_purple_helmet":2,"minecraft:compass":2,"minecraft:lever":1,"alexsmobs:animal_dictionary":2,"iceandfire:tide_bronze_helmet":1,"minecraft:birch_sapling":1,"minecraft:rotten_flesh":18,"minecraft:oak_planks":36,"alexsmobs:emu_egg":1,"minecraft:white_bed":4,"iceandfire:ghost_chest":1,"minecraft:gunpowder":3,"minecraft:skeleton_skull":3,"minecraft:chest":2,"minecraft:acacia_sapling":1,"iceandfire:bestiary":1,"iceandfire:tide_deepblue_chestplate":1,"iceandfire:manuscript":2,"minecraft:iron_ingot":4,"minecraft:bread":17,"minecraft:wheat_seeds":41,"minecraft:mossy_cobblestone":3,"minecraft:feather":1,"minecraft:cobblestone":2,"iceandfire:dragon_stick":2,"minecraft:coal":32,"minecraft:stick":2,"minecraft:oxeye_daisy":1,"iceandfire:tide_deepblue_leggings":1,"minecraft:golden_carrot":1,"iceandfire:copper_nugget":1,"minecraft:torch":42,"minecraft:rose_bush":1,"minecraft:melon_slice":9,"minecraft:iron_leggings":4,"minecraft:wither_rose":1,"minecraft:string":3,"iceandfire:dragonbone":5,"minecraft:redstone":1,"minecraft:furnace":2,"alexsmobs:maggot":3,"minecraft:stone_sword":1,"minecraft:bowl":2,"iceandfire:troll_tusk":1,"minecraft:stripped_bamboo_block":1,"iceandfire:tide_purple_chestplate":1,"minecraft:filled_map":1,"iceandfire:tide_deepblue_helmet":1,"minecraft:hay_block":32,"minecraft:shield":5,"iceandfire:copper_sword":2,"alexsmobs:cockroach_wing_fragment":1,"minecraft:iron_chestplate":5,"iceandfire:tide_bronze_boots":1,"iceandfire:silver_ingot":3,"minecraft:oak_sapling":8,"minecraft:golden_sword":1,"minecraft:stone_bricks":3,"minecraft:bamboo":20,"iceandfire:sea_serpent_fang":11,"iceandfire:dragon_skull_lightning":1}},"DataVersion":3465}