{"stats":{"minecraft:dropped":{"minecraft:iron_ingot":4,"minecraft:bread":2,"minecraft:birch_planks":4,"minecraft:wheat_seeds":5,"minecraft:crafting_table":1,"minecraft:cobblestone":1,"iceandfire:dragon_stick":1,"minecraft:cracked_stone_bricks":1,"minecraft:leather_helmet":1,"minecraft:stick":1,"minecraft:oxeye_daisy":1,"minecraft:dirt":41,"iceandfire:blindfold":1,"iceandfire:dragon_horn":1,"minecraft:rose_bush":1,"minecraft:iron_leggings":3,"alexsmobs:emu_feather":1,"minecraft:string":1,"minecraft:white_wool":2,"minecraft:birch_log":1,"minecraft:gold_ingot":64,"minecraft:bone":3,"iceandfire:dragonbone":5,"minecraft:compass":2,"alexsmobs:animal_dictionary":2,"minecraft:birch_sapling":1,"minecraft:oak_planks":36,"iceandfire:troll_tusk":1,"alexsmobs:emu_egg":1,"minecraft:white_bed":2,"minecraft:hay_block":1,"minecraft:shield":3,"iceandfire:copper_sword":2,"minecraft:skeleton_skull":3,"minecraft:iron_chestplate":3,"iceandfire:bestiary":1,"minecraft:chest":1,"minecraft:oak_sapling":8,"iceandfire:manuscript":2},"minecraft:killed_by":{"alexsmobs:leafcutter_ant":1,"alexsmobs:rhinoceros":1,"iceandfire:ghost":10,"iceandfire:fire_dragon":15},"minecraft:used":{"alexsmobs:emu_egg":4,"iceandfire:lectern":5,"minecraft:flint_and_steel":1,"minecraft:stone_shovel":3,"minecraft:chest":1,"minecraft:iron_sword":103,"minecraft:cooked_chicken":3,"minecraft:torch":4,"minecraft:dirt":12,"iceandfire:copper_sword":59,"minecraft:obsidian":4,"iceandfire:lightning_lily":1,"minecraft:iron_axe":2,"iceandfire:ghost_chest":4,"minecraft:golden_carrot":2,"minecraft:bow":2,"minecraft:beef":1,"minecraft:hay_block":8,"minecraft:furnace":2,"minecraft:stone_pickaxe":23,"minecraft:oak_planks":14,"minecraft:wooden_pickaxe":38,"minecraft:cracked_stone_bricks":2,"minecraft:mossy_cobblestone":1,"minecraft:crafting_table":9,"minecraft:white_bed":1,"iceandfire:silver_axe":109,"minecraft:apple":4,"minecraft:bread":22,"minecraft:iron_pickaxe":9,"iceandfire:ash":2,"minecraft:bucket":1,"minecraft:yellow_bed":11,"alexsmobs:animal_dictionary":11,"iceandfire:fire_lily":3,"minecraft:golden_pickaxe":13},"minecraft:killed":{"alexsmobs:blue_jay":1,"alexsmobs:leafcutter_ant":1,"minecraft:chicken":3,"minecraft:creeper":1,"alexsmobs:emu":1,"alexsmobs:elephant":1,"iceandfire:ghost":3,"minecraft:cow":1},"minecraft:mined":{"iceandfire:lightning_lily":1,"minecraft:white_bed":4,"iceandfire:graveyard_soil":1,"minecraft:farmland":2,"iceandfire:silver_ore":2,"minecraft:mossy_cobblestone":3,"alexsmobs:leafcutter_anthill":1,"minecraft:jungle_leaves":8,"minecraft:acacia_log":10,"minecraft:grass_block":7,"iceandfire:lectern":5,"minecraft:frosted_ice":1,"minecraft:hay_block":15,"minecraft:magma_block":1,"minecraft:furnace":3,"minecraft:iron_ore":10,"minecraft:fire":12,"minecraft:acacia_wood":1,"minecraft:pumpkin":4,"minecraft:vine":10,"minecraft:stone":20,"minecraft:acacia_leaves":4,"minecraft:brown_mushroom":1,"minecraft:glass_pane":2,"minecraft:crafting_table":8,"minecraft:torch":3,"minecraft:melon":13,"iceandfire:ghost_chest":6,"iceandfire:fire_lily":2,"minecraft:tall_grass":1,"minecraft:oak_planks":14,"minecraft:birch_leaves":3,"minecraft:yellow_bed":12,"minecraft:wither_rose":1,"minecraft:grass":75,"minecraft:oak_log":7,"minecraft:coal_ore":15,"minecraft:dirt":9,"minecraft:cobweb":5,"minecraft:cracked_stone_bricks":2,"minecraft:netherrack":2,"minecraft:oak_leaves":7,"minecraft:fern":1},"minecraft:custom":{"minecraft:mob_kills":22,"minecraft:animals_bred":1,"minecraft:interact_with_crafting_table":36,"minecraft:time_since_death":10650,"minecraft:climb_one_cm":7655,"minecraft:sprint_one_cm":415199,"minecraft:walk_one_cm":383551,"minecraft:drop":68,"minecraft:talked_to_villager":4,"minecraft:play_time":149540,"minecraft:deaths":27,"minecraft:sneak_time":1420,"minecraft:walk_under_water_one_cm":12987,"minecraft:jump":2647,"minecraft:walk_on_water_one_cm":15066,"minecraft:total_world_time":149540,"minecraft:interact_with_furnace":7,"minecraft:sleep_in_bed":12,"minecraft:time_since_rest":1641,"minecraft:damage_taken":8291,"minecraft:trigger_trapped_chest":11,"minecraft:damage_dealt":6958,"minecraft:swim_one_cm":64393,"minecraft:fly_one_cm":547623,"minecraft:open_chest":46,"minecraft:crouch_one_cm":4605,"minecraft:fall_one_cm":50285},"minecraft:picked_up":{"iceandfire:dragon_skull_lightning":1,"minecraft:iron_chestplate":8,"minecraft:crafting_table":12,"minecraft:wheat":45,"minecraft:golden_pickaxe":2,"minecraft:chicken":3,"iceandfire:copper_sword":1,"iceandfire:fire_lily":5,"minecraft:brown_mushroom":2,"minecraft:wooden_pickaxe":3,"minecraft:wither_rose":3,"minecraft:shield":8,"alexsmobs:gazelle_horn":3,"iceandfire:manuscript":60,"minecraft:string":22,"minecraft:iron_axe":1,"minecraft:iron_leggings":7,"minecraft:compass":8,"minecraft:cracked_stone_bricks":3,"iceandfire:bestiary":4,"minecraft:gold_nugget":31,"alexsmobs:emu_feather":1,"minecraft:beef":19,"minecraft:rose_bush":2,"minecraft:jungle_sapling":1,"minecraft:iron_pickaxe":1,"minecraft:melon_slice":114,"minecraft:sugar_cane":25,"minecraft:chest":1,"minecraft:birch_sapling":2,"minecraft:furnace":6,"minecraft:egg":8,"minecraft:stick":47,"minecraft:raw_iron":10,"iceandfire:ghost_chest":4,"iceandfire:dragonbone":15,"iceandfire:troll_tusk":3,"minecraft:copper_ingot":5,"minecraft:torch":23,"minecraft:acacia_log":10,"iceandfire:rotten_egg":1,"iceandfire:lightning_lily":1,"iceandfire:blindfold":6,"minecraft:stone_shovel":4,"minecraft:stone_sword":7,"iceandfire:silver_ingot":3,"minecraft:arrow":6,"minecraft:rotten_flesh":1,"minecraft:shears":3,"minecraft:hay_block":235,"alexsmobs:emu_egg":9,"minecraft:gold_ingot":70,"iceandfire:earplugs":2,"minecraft:mutton":34,"minecraft:skeleton_skull":9,"minecraft:cobblestone":48,"minecraft:white_wool":28,"minecraft:oxeye_daisy":1,"iceandfire:silver_axe":5,"minecraft:birch_log":2,"minecraft:feather":12,"minecraft:cooked_beef":5,"minecraft:golden_carrot":18,"minecraft:water_bucket":2,"minecraft:leather":84,"minecraft:acacia_wood":1,"minecraft:potato":78,"minecraft:birch_planks":25,"minecraft:oak_log":48,"iceandfire:ectoplasm":8,"minecraft:yellow_bed":13,"minecraft:paper":24,"minecraft:dirt":147,"minecraft:leather_boots":6,"minecraft:bone":82,"minecraft:apple":23,"minecraft:bow":8,"minecraft:wheat_seeds":75,"iceandfire:dragon_stick":2,"minecraft:iron_ingot":18,"minecraft:stone_pickaxe":3,"minecraft:acacia_sapling":1,"minecraft:iron_sword":9,"minecraft:oak_planks":65,"minecraft:book":19,"iceandfire:copper_nugget":300,"iceandfire:dragon_horn":2,"minecraft:pumpkin":20,"iceandfire:ash":2,"minecraft:white_bed":4,"minecraft:leather_helmet":4,"alexsmobs:animal_dictionary":11,"minecraft:mossy_cobblestone":1,"iceandfire:lectern":6,"minecraft:iron_helmet":2,"minecraft:emerald":45,"minecraft:bread":223,"minecraft:oak_sapling":26,"minecraft:coal":68,"minecraft:oak_leaves":6,"iceandfire:raw_silver":8},"minecraft:crafted":{"minecraft:oak_planks":60,"minecraft:cooked_chicken":3,"iceandfire:dragon_stick":1,"minecraft:furnace":1,"iceandfire:lectern":1,"minecraft:stone_pickaxe":1,"minecraft:chest":1,"minecraft:wheat":9,"iceandfire:silver_axe":1,"minecraft:crafting_table":3,"iceandfire:blindfold":1,"minecraft:wooden_pickaxe":1,"minecraft:iron_sword":2,"minecraft:copper_ingot":5,"iceandfire:earplugs":1,"minecraft:bread":18,"minecraft:air":0,"iceandfire:bestiary":1,"minecraft:white_wool":2,"minecraft:shield":2,"minecraft:stick":8,"minecraft:iron_ingot":12,"minecraft:iron_pickaxe":1,"iceandfire:dragon_horn":1,"minecraft:acacia_planks":44,"minecraft:shears":1}},"DataVersion":3465}