{"stats":{"minecraft:dropped":{"minecraft:iron_ingot":4,"minecraft:bread":2,"minecraft:wheat_seeds":3,"alexsmobs:emu_egg":1,"minecraft:white_bed":1,"minecraft:oxeye_daisy":1,"minecraft:hay_block":1,"minecraft:shield":1,"iceandfire:copper_sword":2,"iceandfire:blindfold":1,"minecraft:birch_planks":1,"iceandfire:dragonbone":4},"minecraft:killed_by":{"alexsmobs:rhinoceros":1,"alexsmobs:leafcutter_ant":1,"iceandfire:ghost":1},"minecraft:used":{"alexsmobs:emu_egg":3,"iceandfire:lectern":2,"minecraft:stone_pickaxe":23,"minecraft:wooden_pickaxe":38,"minecraft:iron_sword":95,"minecraft:cooked_chicken":3,"minecraft:torch":3,"minecraft:dirt":12,"iceandfire:copper_sword":59,"minecraft:crafting_table":6,"minecraft:white_bed":1,"iceandfire:silver_axe":20,"minecraft:apple":3,"minecraft:iron_axe":2,"minecraft:bread":16,"minecraft:beef":1,"minecraft:hay_block":8,"minecraft:furnace":1,"minecraft:bucket":1,"minecraft:yellow_bed":3,"alexsmobs:animal_dictionary":4},"minecraft:killed":{"minecraft:creeper":1,"alexsmobs:emu":1,"alexsmobs:elephant":1,"iceandfire:ghost":1,"alexsmobs:leafcutter_ant":1,"minecraft:chicken":3,"minecraft:cow":1},"minecraft:mined":{"iceandfire:lightning_lily":1,"minecraft:farmland":2,"minecraft:acacia_leaves":4,"minecraft:glass_pane":2,"minecraft:brown_mushroom":1,"minecraft:white_bed":2,"iceandfire:graveyard_soil":1,"iceandfire:silver_ore":2,"alexsmobs:leafcutter_anthill":1,"minecraft:crafting_table":4,"minecraft:torch":2,"minecraft:acacia_log":2,"minecraft:grass_block":7,"minecraft:melon":13,"iceandfire:ghost_chest":1,"iceandfire:lectern":2,"iceandfire:fire_lily":2,"minecraft:tall_grass":1,"minecraft:hay_block":15,"minecraft:furnace":1,"minecraft:iron_ore":10,"minecraft:acacia_wood":1,"minecraft:birch_leaves":3,"minecraft:pumpkin":4,"minecraft:yellow_bed":4,"minecraft:wither_rose":1,"minecraft:grass":53,"minecraft:coal_ore":15,"minecraft:oak_log":6,"minecraft:vine":6,"minecraft:dirt":9,"minecraft:cobweb":5,"minecraft:stone":20,"minecraft:fern":1,"minecraft:oak_leaves":4},"minecraft:custom":{"minecraft:interact_with_furnace":7,"minecraft:mob_kills":10,"minecraft:interact_with_crafting_table":23,"minecraft:time_since_death":34380,"minecraft:sleep_in_bed":5,"minecraft:climb_one_cm":878,"minecraft:time_since_rest":3466,"minecraft:sprint_one_cm":218996,"minecraft:damage_taken":1555,"minecraft:walk_one_cm":185162,"minecraft:trigger_trapped_chest":1,"minecraft:drop":19,"minecraft:damage_dealt":2856,"minecraft:swim_one_cm":41369,"minecraft:talked_to_villager":4,"minecraft:fly_one_cm":279195,"minecraft:open_chest":33,"minecraft:crouch_one_cm":1666,"minecraft:play_time":77540,"minecraft:deaths":3,"minecraft:sneak_time":644,"minecraft:walk_under_water_one_cm":4356,"minecraft:jump":1454,"minecraft:walk_on_water_one_cm":3953,"minecraft:total_world_time":77540,"minecraft:fall_one_cm":31196},"minecraft:picked_up":{"minecraft:crafting_table":6,"minecraft:wheat":45,"minecraft:feather":12,"iceandfire:copper_sword":1,"minecraft:chicken":3,"iceandfire:fire_lily":5,"minecraft:leather":14,"minecraft:brown_mushroom":2,"minecraft:wooden_pickaxe":3,"minecraft:acacia_wood":1,"minecraft:potato":42,"minecraft:birch_planks":22,"minecraft:wither_rose":2,"minecraft:oak_log":6,"minecraft:shield":1,"minecraft:yellow_bed":5,"iceandfire:manuscript":22,"minecraft:string":5,"alexsmobs:gazelle_horn":3,"minecraft:dirt":65,"minecraft:iron_axe":1,"minecraft:apple":9,"minecraft:bow":1,"alexsmobs:emu_feather":1,"minecraft:wheat_seeds":24,"minecraft:beef":14,"minecraft:iron_ingot":4,"minecraft:stone_pickaxe":3,"minecraft:melon_slice":61,"minecraft:sugar_cane":7,"minecraft:oak_planks":15,"minecraft:iron_sword":2,"minecraft:egg":8,"minecraft:furnace":3,"minecraft:book":3,"minecraft:stick":20,"minecraft:raw_iron":10,"iceandfire:copper_nugget":50,"iceandfire:dragonbone":9,"minecraft:pumpkin":16,"minecraft:torch":6,"minecraft:acacia_log":2,"iceandfire:rotten_egg":1,"minecraft:white_bed":3,"alexsmobs:animal_dictionary":4,"iceandfire:lightning_lily":1,"iceandfire:silver_ingot":3,"minecraft:arrow":6,"minecraft:rotten_flesh":1,"iceandfire:lectern":2,"minecraft:shears":3,"minecraft:hay_block":52,"minecraft:gold_ingot":2,"alexsmobs:emu_egg":7,"minecraft:bread":39,"minecraft:oak_sapling":4,"iceandfire:dragon_skull_lightning":1,"minecraft:oak_leaves":6,"minecraft:coal":48,"minecraft:white_wool":28,"iceandfire:raw_silver":8,"minecraft:cobblestone":47,"minecraft:oxeye_daisy":1},"minecraft:crafted":{"iceandfire:silver_axe":1,"minecraft:oak_planks":24,"minecraft:crafting_table":3,"iceandfire:blindfold":1,"minecraft:wooden_pickaxe":1,"minecraft:cooked_chicken":3,"minecraft:iron_sword":2,"minecraft:furnace":1,"iceandfire:lectern":1,"minecraft:copper_ingot":5,"minecraft:bread":15,"minecraft:air":0,"iceandfire:bestiary":1,"minecraft:shield":2,"minecraft:stick":4,"minecraft:iron_pickaxe":1,"minecraft:iron_ingot":10,"minecraft:stone_pickaxe":1,"minecraft:acacia_planks":12,"minecraft:shears":1}},"DataVersion":3465}