{"stats":{"minecraft:dropped":{"minecraft:iron_ingot":4,"minecraft:bread":2,"minecraft:birch_planks":4,"minecraft:wheat_seeds":5,"minecraft:cracked_stone_bricks":1,"minecraft:stick":1,"minecraft:oxeye_daisy":1,"iceandfire:blindfold":1,"minecraft:iron_leggings":1,"alexsmobs:emu_feather":1,"minecraft:string":1,"minecraft:white_wool":2,"minecraft:birch_log":1,"minecraft:bone":3,"iceandfire:dragonbone":5,"iceandfire:troll_tusk":1,"alexsmobs:emu_egg":1,"minecraft:white_bed":1,"minecraft:hay_block":1,"minecraft:shield":2,"iceandfire:copper_sword":2,"minecraft:iron_chestplate":1,"iceandfire:manuscript":2},"minecraft:killed_by":{"alexsmobs:leafcutter_ant":1,"alexsmobs:rhinoceros":1,"iceandfire:ghost":9,"iceandfire:fire_dragon":15},"minecraft:used":{"alexsmobs:emu_egg":4,"iceandfire:lectern":4,"minecraft:stone_shovel":3,"minecraft:chest":1,"minecraft:iron_sword":103,"minecraft:cooked_chicken":3,"minecraft:torch":3,"minecraft:dirt":12,"iceandfire:copper_sword":59,"iceandfire:lightning_lily":1,"minecraft:iron_axe":2,"iceandfire:ghost_chest":2,"minecraft:golden_carrot":1,"minecraft:bow":2,"minecraft:beef":1,"minecraft:hay_block":8,"minecraft:furnace":1,"minecraft:stone_pickaxe":23,"minecraft:oak_planks":9,"minecraft:wooden_pickaxe":38,"minecraft:cracked_stone_bricks":2,"minecraft:mossy_cobblestone":1,"minecraft:crafting_table":9,"minecraft:white_bed":1,"iceandfire:silver_axe":82,"minecraft:apple":4,"minecraft:bread":21,"iceandfire:ash":2,"minecraft:bucket":1,"minecraft:yellow_bed":8,"alexsmobs:animal_dictionary":7,"iceandfire:fire_lily":3,"minecraft:golden_pickaxe":5},"minecraft:killed":{"alexsmobs:blue_jay":1,"alexsmobs:leafcutter_ant":1,"minecraft:chicken":3,"minecraft:creeper":1,"alexsmobs:emu":1,"alexsmobs:elephant":1,"iceandfire:ghost":3,"minecraft:cow":1},"minecraft:mined":{"iceandfire:lightning_lily":1,"minecraft:white_bed":2,"iceandfire:graveyard_soil":1,"minecraft:farmland":2,"iceandfire:silver_ore":2,"minecraft:mossy_cobblestone":3,"alexsmobs:leafcutter_anthill":1,"minecraft:jungle_leaves":2,"minecraft:acacia_log":10,"minecraft:grass_block":7,"iceandfire:lectern":4,"minecraft:frosted_ice":1,"minecraft:hay_block":15,"minecraft:furnace":1,"minecraft:iron_ore":10,"minecraft:fire":11,"minecraft:acacia_wood":1,"minecraft:pumpkin":4,"minecraft:vine":7,"minecraft:stone":20,"minecraft:acacia_leaves":4,"minecraft:brown_mushroom":1,"minecraft:glass_pane":2,"minecraft:crafting_table":7,"minecraft:torch":2,"minecraft:melon":13,"iceandfire:ghost_chest":4,"iceandfire:fire_lily":2,"minecraft:tall_grass":1,"minecraft:birch_leaves":3,"minecraft:yellow_bed":8,"minecraft:wither_rose":1,"minecraft:grass":74,"minecraft:oak_log":7,"minecraft:coal_ore":15,"minecraft:dirt":9,"minecraft:cobweb":5,"minecraft:cracked_stone_bricks":2,"minecraft:oak_leaves":4,"minecraft:fern":1},"minecraft:custom":{"minecraft:mob_kills":20,"minecraft:animals_bred":1,"minecraft:interact_with_crafting_table":36,"minecraft:time_since_death":5896,"minecraft:climb_one_cm":5278,"minecraft:sprint_one_cm":399858,"minecraft:walk_one_cm":350281,"minecraft:drop":38,"minecraft:talked_to_villager":4,"minecraft:play_time":125540,"minecraft:deaths":26,"minecraft:sneak_time":938,"minecraft:walk_under_water_one_cm":12892,"minecraft:jump":2420,"minecraft:walk_on_water_one_cm":14653,"minecraft:total_world_time":125540,"minecraft:interact_with_furnace":7,"minecraft:sleep_in_bed":10,"minecraft:time_since_rest":513,"minecraft:damage_taken":7919,"minecraft:trigger_trapped_chest":10,"minecraft:damage_dealt":6407,"minecraft:swim_one_cm":61761,"minecraft:fly_one_cm":536016,"minecraft:open_chest":42,"minecraft:crouch_one_cm":2378,"minecraft:fall_one_cm":46301},"minecraft:picked_up":{"iceandfire:dragon_skull_lightning":1,"minecraft:iron_chestplate":3,"minecraft:crafting_table":9,"minecraft:wheat":45,"minecraft:chicken":3,"iceandfire:copper_sword":1,"iceandfire:fire_lily":5,"minecraft:brown_mushroom":2,"minecraft:wooden_pickaxe":3,"minecraft:wither_rose":2,"minecraft:shield":6,"alexsmobs:gazelle_horn":3,"iceandfire:manuscript":48,"minecraft:string":22,"minecraft:iron_axe":1,"minecraft:iron_leggings":3,"minecraft:compass":4,"minecraft:cracked_stone_bricks":3,"iceandfire:bestiary":2,"minecraft:gold_nugget":31,"alexsmobs:emu_feather":1,"minecraft:beef":19,"minecraft:iron_pickaxe":1,"minecraft:melon_slice":61,"minecraft:sugar_cane":25,"minecraft:birch_sapling":2,"minecraft:furnace":3,"minecraft:egg":8,"minecraft:stick":41,"minecraft:raw_iron":10,"iceandfire:ghost_chest":4,"iceandfire:dragonbone":15,"iceandfire:troll_tusk":2,"minecraft:copper_ingot":5,"minecraft:torch":18,"minecraft:acacia_log":10,"iceandfire:rotten_egg":1,"iceandfire:lightning_lily":1,"iceandfire:blindfold":6,"minecraft:stone_shovel":4,"minecraft:stone_sword":6,"iceandfire:silver_ingot":3,"minecraft:arrow":6,"minecraft:rotten_flesh":1,"minecraft:shears":3,"minecraft:hay_block":174,"alexsmobs:emu_egg":9,"minecraft:gold_ingot":6,"iceandfire:earplugs":2,"minecraft:mutton":17,"minecraft:skeleton_skull":6,"minecraft:cobblestone":47,"minecraft:white_wool":28,"minecraft:oxeye_daisy":1,"iceandfire:silver_axe":4,"minecraft:birch_log":2,"minecraft:feather":12,"minecraft:water_bucket":2,"minecraft:leather":84,"minecraft:acacia_wood":1,"minecraft:potato":60,"minecraft:birch_planks":25,"minecraft:oak_log":48,"iceandfire:ectoplasm":6,"minecraft:yellow_bed":9,"minecraft:paper":24,"minecraft:dirt":65,"minecraft:leather_boots":5,"minecraft:bone":59,"minecraft:apple":14,"minecraft:bow":7,"minecraft:wheat_seeds":75,"minecraft:iron_ingot":4,"minecraft:stone_pickaxe":3,"minecraft:acacia_sapling":1,"minecraft:iron_sword":8,"minecraft:oak_planks":15,"minecraft:book":14,"iceandfire:copper_nugget":300,"minecraft:pumpkin":20,"iceandfire:ash":2,"minecraft:white_bed":3,"minecraft:leather_helmet":2,"alexsmobs:animal_dictionary":6,"minecraft:mossy_cobblestone":1,"iceandfire:lectern":4,"minecraft:emerald":45,"minecraft:bread":194,"minecraft:oak_sapling":26,"minecraft:coal":48,"minecraft:oak_leaves":6,"iceandfire:raw_silver":8},"minecraft:crafted":{"minecraft:oak_planks":60,"minecraft:cooked_chicken":3,"iceandfire:dragon_stick":1,"minecraft:furnace":1,"iceandfire:lectern":1,"minecraft:stone_pickaxe":1,"minecraft:chest":1,"minecraft:wheat":9,"iceandfire:silver_axe":1,"minecraft:crafting_table":3,"iceandfire:blindfold":1,"minecraft:wooden_pickaxe":1,"minecraft:iron_sword":2,"minecraft:copper_ingot":5,"iceandfire:earplugs":1,"minecraft:bread":18,"minecraft:air":0,"iceandfire:bestiary":1,"minecraft:white_wool":2,"minecraft:shield":2,"minecraft:stick":8,"minecraft:iron_ingot":12,"minecraft:iron_pickaxe":1,"iceandfire:dragon_horn":1,"minecraft:acacia_planks":44,"minecraft:shears":1}},"DataVersion":3465}