{"stats":{"minecraft:crafted":{"minecraft:oak_planks":60,"minecraft:dark_oak_boat":1,"minecraft:cooked_chicken":3,"iceandfire:lectern":1,"minecraft:cooked_mutton":10,"minecraft:chest":1,"iceandfire:silver_axe":1,"minecraft:crafting_table":4,"iceandfire:blindfold":1,"minecraft:wooden_pickaxe":1,"minecraft:copper_ingot":5,"iceandfire:earplugs":1,"minecraft:shield":3,"minecraft:stick":44,"minecraft:iron_pickaxe":2,"minecraft:iron_ingot":12,"iceandfire:dragon_horn":1,"iceandfire:silver_sword":1,"minecraft:shears":1,"iceandfire:dragon_stick":2,"minecraft:furnace":1,"minecraft:stone_pickaxe":1,"minecraft:dark_oak_planks":16,"minecraft:wheat":9,"iceandfire:silver_ingot":1,"minecraft:iron_sword":2,"minecraft:bread":18,"minecraft:air":0,"iceandfire:bestiary":1,"minecraft:white_wool":2,"minecraft:acacia_planks":84,"minecraft:torch":136},"minecraft:mined":{"minecraft:dark_oak_planks":32,"minecraft:white_bed":7,"iceandfire:graveyard_soil":1,"minecraft:farmland":2,"minecraft:cobblestone_stairs":1,"alexsmobs:leafcutter_anthill":1,"minecraft:jungle_leaves":13,"minecraft:acacia_log":20,"minecraft:grass_block":10,"iceandfire:lectern":5,"minecraft:frosted_ice":1,"minecraft:tall_seagrass":2,"minecraft:magma_block":1,"minecraft:iron_ore":29,"minecraft:fire":12,"minecraft:pumpkin":4,"minecraft:brown_mushroom":1,"minecraft:orange_terracotta":5,"minecraft:torch":6,"minecraft:light_gray_terracotta":2,"minecraft:dark_oak_wood":4,"minecraft:melon":13,"iceandfire:ghost_chest":9,"minecraft:chest":1,"minecraft:dead_bush":5,"iceandfire:fire_lily":3,"minecraft:cobblestone":1,"minecraft:oak_planks":14,"minecraft:wall_torch":5,"minecraft:white_terracotta":2,"minecraft:wither_rose":1,"minecraft:grass":94,"minecraft:oak_log":7,"minecraft:sand":4,"minecraft:dirt":9,"minecraft:netherrack":2,"minecraft:oak_leaves":11,"minecraft:yellow_terracotta":2,"iceandfire:lightning_lily":1,"iceandfire:silver_ore":8,"minecraft:mossy_cobblestone":3,"minecraft:dark_oak_log":2,"minecraft:hay_block":15,"minecraft:furnace":8,"minecraft:acacia_wood":1,"minecraft:vine":17,"minecraft:stone":56,"minecraft:acacia_leaves":4,"minecraft:glass_pane":2,"minecraft:crafting_table":13,"minecraft:tall_grass":17,"minecraft:red_terracotta":4,"minecraft:birch_leaves":3,"minecraft:yellow_bed":22,"minecraft:coal_ore":74,"minecraft:cobweb":5,"minecraft:cracked_stone_bricks":3,"minecraft:terracotta":21,"minecraft:acacia_planks":2,"minecraft:stone_bricks":1,"minecraft:mossy_stone_bricks":2,"minecraft:fern":1},"minecraft:broken":{"minecraft:iron_chestplate":1,"minecraft:iron_leggings":1,"minecraft:shield":1,"minecraft:leather_boots":1,"iceandfire:tide_bronze_helmet":1},"minecraft:picked_up":{"minecraft:iron_chestplate":17,"minecraft:wheat":45,"iceandfire:copper_sword":1,"minecraft:wither_rose":5,"minecraft:enchanted_book":1,"minecraft:golden_sword":6,"iceandfire:manuscript":60,"alexsmobs:gazelle_horn":3,"minecraft:string":34,"minecraft:iron_leggings":10,"iceandfire:sea_serpent_scales_bronze":12,"minecraft:red_sand":1,"alexsmobs:emu_feather":1,"minecraft:gold_nugget":31,"minecraft:rose_bush":2,"minecraft:iron_pickaxe":8,"minecraft:melon_slice":167,"minecraft:furnace":17,"minecraft:stick":65,"iceandfire:ghost_chest":5,"minecraft:acacia_log":20,"minecraft:torch":500,"iceandfire:rotten_egg":1,"iceandfire:lightning_lily":1,"minecraft:stone_sword":9,"minecraft:rotten_flesh":3,"alexsmobs:emu_egg":9,"minecraft:white_terracotta":1,"alexsmobs:flying_fish":1,"minecraft:cobblestone":71,"minecraft:birch_log":2,"minecraft:feather":21,"minecraft:cooked_beef":15,"minecraft:water_bucket":2,"minecraft:dark_oak_boat":6,"minecraft:potato":222,"minecraft:dirt":273,"minecraft:leather_boots":9,"minecraft:bone":87,"minecraft:acacia_planks":42,"minecraft:bow":15,"minecraft:wheat_seeds":91,"minecraft:raw_gold":75,"minecraft:mossy_stone_bricks":4,"minecraft:oak_planks":121,"iceandfire:dragon_skull_fire":1,"minecraft:sand":1,"alexsmobs:animal_dictionary":20,"minecraft:red_terracotta":3,"minecraft:mossy_cobblestone":1,"minecraft:light_gray_terracotta":3,"iceandfire:lectern":6,"alexsmobs:rattlesnake_rattle":2,"iceandfire:gorgon_head":1,"minecraft:bread":263,"minecraft:emerald":45,"alexsmobs:maggot":3,"minecraft:oak_sapling":26,"minecraft:dark_oak_fence":4,"minecraft:oak_leaves":6,"iceandfire:raw_silver":20,"iceandfire:dragon_skull_lightning":2,"minecraft:crafting_table":18,"minecraft:chicken":4,"minecraft:golden_pickaxe":6,"iceandfire:fire_lily":6,"minecraft:brown_mushroom":2,"minecraft:wooden_pickaxe":3,"alexsmobs:roadrunner_feather":8,"minecraft:shield":13,"minecraft:iron_axe":1,"minecraft:flint_and_steel":2,"minecraft:compass":24,"iceandfire:tide_bronze_helmet":1,"iceandfire:bestiary":12,"minecraft:cracked_stone_bricks":3,"minecraft:beef":19,"minecraft:jungle_sapling":1,"minecraft:sugar_cane":52,"minecraft:chest":6,"minecraft:birch_sapling":2,"minecraft:egg":9,"minecraft:raw_iron":29,"iceandfire:dragonbone":153,"iceandfire:troll_tusk":3,"minecraft:copper_ingot":7,"minecraft:dark_oak_planks":47,"iceandfire:blindfold":6,"minecraft:stone_shovel":4,"iceandfire:silver_ingot":15,"minecraft:arrow":14,"minecraft:beetroot_seeds":4,"minecraft:shears":3,"minecraft:hay_block":577,"minecraft:yellow_terracotta":1,"minecraft:oak_chest_boat":3,"minecraft:gold_ingot":326,"iceandfire:earplugs":2,"minecraft:mutton":102,"minecraft:white_wool":35,"minecraft:skeleton_skull":9,"minecraft:rail":38,"minecraft:oxeye_daisy":1,"iceandfire:silver_axe":12,"iceandfire:sea_serpent_fang":50,"minecraft:golden_carrot":32,"minecraft:leather":161,"alexsmobs:acacia_blossom":1,"minecraft:acacia_wood":1,"minecraft:filled_map":2,"minecraft:birch_planks":25,"alexsmobs:cachalot_whale_tooth":2,"minecraft:oak_log":48,"iceandfire:ectoplasm":28,"minecraft:yellow_bed":28,"minecraft:gunpowder":9,"minecraft:paper":24,"minecraft:orange_terracotta":9,"minecraft:stone_bricks":3,"minecraft:apple":56,"alexsmobs:cockroach_wing_fragment":3,"iceandfire:dragon_stick":11,"minecraft:iron_ingot":72,"minecraft:stone_pickaxe":3,"minecraft:acacia_sapling":1,"minecraft:iron_sword":11,"minecraft:book":34,"iceandfire:copper_nugget":300,"iceandfire:dragon_horn":11,"minecraft:pumpkin":20,"iceandfire:ash":2,"minecraft:white_bed":8,"minecraft:leather_helmet":6,"iceandfire:silver_sword":7,"minecraft:iron_helmet":5,"minecraft:terracotta":26,"minecraft:dark_oak_wood":4,"minecraft:coal":177},"minecraft:custom":{"minecraft:animals_bred":1,"minecraft:interact_with_crafting_table":49,"minecraft:leave_game":5,"minecraft:time_since_death":13199,"minecraft:sprint_one_cm":775718,"minecraft:damage_blocked_by_shield":1620,"minecraft:drop":125,"minecraft:talked_to_villager":4,"minecraft:play_time":299151,"minecraft:deaths":39,"minecraft:jump":5049,"minecraft:walk_on_water_one_cm":29497,"minecraft:interact_with_furnace":16,"minecraft:sleep_in_bed":20,"minecraft:damage_dealt":9950,"minecraft:crouch_one_cm":21922,"minecraft:mob_kills":39,"minecraft:climb_one_cm":13199,"minecraft:walk_one_cm":678551,"minecraft:sneak_time":6662,"minecraft:walk_under_water_one_cm":31098,"minecraft:boat_one_cm":759807,"minecraft:total_world_time":299151,"minecraft:time_since_rest":8065,"minecraft:damage_taken":2147483647,"minecraft:trigger_trapped_chest":12,"minecraft:swim_one_cm":106164,"minecraft:fly_one_cm":1119647,"minecraft:open_chest":54,"minecraft:fall_one_cm":104197},"minecraft:used":{"alexsmobs:emu_egg":4,"iceandfire:lectern":5,"minecraft:red_sand":1,"minecraft:chest":2,"minecraft:shield":78,"minecraft:white_terracotta":1,"minecraft:iron_sword":106,"minecraft:iron_chestplate":1,"minecraft:mutton":4,"minecraft:obsidian":4,"iceandfire:lightning_lily":1,"iceandfire:ghost_chest":5,"minecraft:golden_sword":2,"minecraft:bow":2,"minecraft:dark_oak_boat":2,"minecraft:hay_block":8,"minecraft:furnace":6,"minecraft:egg":1,"minecraft:oak_chest_boat":1,"minecraft:stone_pickaxe":23,"minecraft:oak_planks":14,"minecraft:wooden_pickaxe":38,"minecraft:glow_berries":8,"minecraft:sand":1,"minecraft:yellow_terracotta":1,"minecraft:light_gray_terracotta":2,"iceandfire:silver_axe":210,"minecraft:bread":30,"minecraft:red_terracotta":3,"minecraft:dark_oak_fence":2,"iceandfire:fire_lily":4,"minecraft:golden_pickaxe":19,"iceandfire:silver_sword":56,"minecraft:flint_and_steel":1,"minecraft:stone_shovel":3,"minecraft:cooked_chicken":3,"minecraft:torch":64,"minecraft:dirt":15,"iceandfire:copper_sword":59,"minecraft:dark_oak_planks":4,"alexsmobs:maggot":2,"minecraft:iron_axe":2,"minecraft:golden_carrot":6,"minecraft:beef":1,"minecraft:cooked_beef":5,"minecraft:acacia_planks":2,"minecraft:orange_terracotta":9,"minecraft:cooked_mutton":1,"iceandfire:tide_bronze_helmet":1,"minecraft:cracked_stone_bricks":2,"minecraft:mossy_cobblestone":1,"minecraft:rail":1,"minecraft:terracotta":21,"minecraft:crafting_table":12,"minecraft:white_bed":3,"alexsmobs:flying_fish":1,"minecraft:apple":7,"minecraft:chicken":1,"minecraft:iron_pickaxe":174,"iceandfire:ash":2,"minecraft:cobblestone":22,"minecraft:bucket":1,"minecraft:yellow_bed":19,"alexsmobs:animal_dictionary":20},"minecraft:killed":{"minecraft:skeleton":2,"alexsmobs:leafcutter_ant":1,"alexsmobs:capuchin_monkey":1,"minecraft:chicken":3,"minecraft:creeper":2,"alexsmobs:roadrunner":6,"alexsmobs:fly":1,"minecraft:cow":1,"alexsmobs:seagull":1,"alexsmobs:rattlesnake":1,"alexsmobs:blue_jay":1,"minecraft:drowned":1,"alexsmobs:emu":1,"alexsmobs:cockroach":1,"alexsmobs:elephant":1,"iceandfire:ghost":3},"minecraft:killed_by":{"minecraft:creeper":1,"alexsmobs:emu":1,"alexsmobs:leafcutter_ant":1,"alexsmobs:capuchin_monkey":1,"minecraft:drowned":1,"iceandfire:sea_serpent":1,"alexsmobs:rhinoceros":1,"iceandfire:fire_dragon":15,"alexsmobs:bison":1,"iceandfire:gorgon":5,"iceandfire:lightning_dragon":1,"iceandfire:ghost":10},"minecraft:dropped":{"minecraft:iron_sword":1,"minecraft:birch_planks":4,"minecraft:crafting_table":1,"minecraft:cracked_stone_bricks":1,"minecraft:leather_helmet":4,"minecraft:dirt":41,"alexsmobs:roadrunner_feather":2,"iceandfire:blindfold":1,"iceandfire:dragon_horn":1,"alexsmobs:emu_feather":1,"minecraft:iron_pickaxe":1,"minecraft:dark_oak_planks":4,"minecraft:birch_log":1,"minecraft:dark_oak_boat":1,"minecraft:white_wool":4,"minecraft:gold_ingot":64,"minecraft:bone":8,"minecraft:compass":2,"alexsmobs:animal_dictionary":2,"iceandfire:tide_bronze_helmet":1,"minecraft:birch_sapling":1,"minecraft:rotten_flesh":2,"minecraft:oak_planks":36,"alexsmobs:emu_egg":1,"minecraft:white_bed":4,"minecraft:gunpowder":3,"minecraft:skeleton_skull":3,"minecraft:chest":1,"iceandfire:bestiary":1,"iceandfire:manuscript":2,"minecraft:iron_ingot":4,"minecraft:bread":17,"minecraft:wheat_seeds":31,"minecraft:feather":1,"minecraft:cobblestone":1,"iceandfire:dragon_stick":2,"minecraft:stick":2,"minecraft:oxeye_daisy":1,"minecraft:golden_carrot":1,"minecraft:torch":42,"minecraft:rose_bush":1,"minecraft:iron_leggings":4,"minecraft:wither_rose":1,"minecraft:string":2,"iceandfire:dragonbone":5,"alexsmobs:maggot":1,"minecraft:stone_sword":1,"iceandfire:troll_tusk":1,"minecraft:filled_map":1,"minecraft:hay_block":32,"minecraft:shield":5,"iceandfire:copper_sword":2,"minecraft:iron_chestplate":5,"iceandfire:tide_bronze_boots":1,"minecraft:oak_sapling":8,"minecraft:golden_sword":1,"minecraft:stone_bricks":3,"iceandfire:dragon_skull_lightning":1}},"DataVersion":3465}