{"stats":{"minecraft:dropped":{"minecraft:bread":2,"minecraft:iron_ingot":4},"minecraft:killed_by":{"alexsmobs:leafcutter_ant":1},"minecraft:used":{"minecraft:apple":1,"minecraft:bread":4,"minecraft:stone_pickaxe":23,"minecraft:wooden_pickaxe":38,"minecraft:iron_sword":27,"minecraft:cooked_chicken":3,"minecraft:dirt":8,"minecraft:crafting_table":2,"minecraft:furnace":1},"minecraft:killed":{"alexsmobs:leafcutter_ant":1,"minecraft:chicken":3},"minecraft:mined":{"minecraft:hay_block":12,"minecraft:furnace":1,"iceandfire:silver_ore":2,"minecraft:iron_ore":10,"minecraft:yellow_bed":1,"alexsmobs:leafcutter_anthill":1,"minecraft:birch_leaves":3,"minecraft:pumpkin":4,"minecraft:crafting_table":1,"minecraft:grass":30,"minecraft:oak_log":6,"minecraft:grass_block":4,"minecraft:coal_ore":15,"minecraft:dirt":7,"minecraft:stone":20,"minecraft:oak_leaves":4},"minecraft:custom":{"minecraft:time_since_rest":2175,"minecraft:interact_with_furnace":7,"minecraft:sprint_one_cm":103030,"minecraft:damage_taken":580,"minecraft:walk_one_cm":74913,"minecraft:mob_kills":4,"minecraft:drop":6,"minecraft:damage_dealt":293,"minecraft:talked_to_villager":1,"minecraft:swim_one_cm":3508,"minecraft:interact_with_crafting_table":4,"minecraft:fly_one_cm":107337,"minecraft:open_chest":5,"minecraft:crouch_one_cm":883,"minecraft:play_time":29540,"minecraft:deaths":1,"minecraft:sneak_time":305,"minecraft:walk_under_water_one_cm":402,"minecraft:jump":637,"minecraft:walk_on_water_one_cm":1095,"minecraft:time_since_death":2136,"minecraft:sleep_in_bed":1,"minecraft:climb_one_cm":850,"minecraft:total_world_time":29540,"minecraft:fall_one_cm":15542},"minecraft:picked_up":{"minecraft:book":1,"minecraft:crafting_table":1,"minecraft:stick":5,"minecraft:raw_iron":10,"minecraft:feather":6,"minecraft:chicken":3,"minecraft:pumpkin":8,"minecraft:wooden_pickaxe":1,"minecraft:potato":16,"minecraft:yellow_bed":1,"minecraft:oak_log":6,"iceandfire:rotten_egg":1,"alexsmobs:animal_dictionary":1,"minecraft:dirt":11,"minecraft:apple":5,"minecraft:wheat_seeds":5,"minecraft:shears":1,"minecraft:hay_block":24,"minecraft:iron_ingot":2,"minecraft:stone_pickaxe":1,"minecraft:bread":5,"minecraft:oak_sapling":2,"minecraft:iron_sword":1,"minecraft:oak_planks":15,"iceandfire:raw_silver":4,"minecraft:coal":26,"minecraft:furnace":2,"minecraft:white_wool":14,"minecraft:cobblestone":29,"minecraft:egg":4},"minecraft:crafted":{"minecraft:oak_planks":24,"minecraft:crafting_table":1,"minecraft:stick":4,"minecraft:iron_ingot":10,"minecraft:wooden_pickaxe":1,"minecraft:cooked_chicken":3,"minecraft:stone_pickaxe":1,"minecraft:iron_sword":1,"minecraft:furnace":1,"minecraft:shears":1,"minecraft:air":0}},"DataVersion":3465}