{"stats":{"minecraft:dropped":{"minecraft:iron_ingot":4,"minecraft:bread":2,"alexsmobs:emu_egg":1,"minecraft:white_bed":1,"minecraft:oxeye_daisy":1,"iceandfire:copper_sword":1},"minecraft:killed_by":{"alexsmobs:rhinoceros":1,"alexsmobs:leafcutter_ant":1,"iceandfire:ghost":1},"minecraft:used":{"minecraft:stone_pickaxe":23,"minecraft:wooden_pickaxe":38,"minecraft:iron_sword":78,"minecraft:cooked_chicken":3,"minecraft:torch":1,"minecraft:dirt":10,"iceandfire:copper_sword":59,"minecraft:crafting_table":4,"minecraft:white_bed":1,"minecraft:apple":1,"minecraft:iron_axe":2,"minecraft:bread":15,"minecraft:beef":1,"minecraft:hay_block":8,"minecraft:furnace":1,"minecraft:yellow_bed":1,"alexsmobs:animal_dictionary":3},"minecraft:killed":{"minecraft:creeper":1,"alexsmobs:elephant":1,"iceandfire:ghost":1,"alexsmobs:leafcutter_ant":1,"minecraft:chicken":3,"minecraft:cow":1},"minecraft:mined":{"minecraft:acacia_leaves":4,"minecraft:brown_mushroom":1,"minecraft:white_bed":2,"iceandfire:graveyard_soil":1,"iceandfire:silver_ore":2,"alexsmobs:leafcutter_anthill":1,"minecraft:crafting_table":3,"minecraft:acacia_log":2,"minecraft:grass_block":5,"iceandfire:ghost_chest":1,"iceandfire:fire_lily":2,"minecraft:tall_grass":1,"minecraft:hay_block":15,"minecraft:furnace":1,"minecraft:iron_ore":10,"minecraft:birch_leaves":3,"minecraft:pumpkin":4,"minecraft:yellow_bed":2,"minecraft:wither_rose":1,"minecraft:grass":42,"minecraft:coal_ore":15,"minecraft:oak_log":6,"minecraft:vine":6,"minecraft:dirt":9,"minecraft:cobweb":1,"minecraft:stone":20,"minecraft:fern":1,"minecraft:oak_leaves":4},"minecraft:custom":{"minecraft:interact_with_furnace":7,"minecraft:mob_kills":9,"minecraft:interact_with_crafting_table":6,"minecraft:time_since_death":10380,"minecraft:sleep_in_bed":3,"minecraft:climb_one_cm":878,"minecraft:time_since_rest":5284,"minecraft:sprint_one_cm":183057,"minecraft:damage_taken":1465,"minecraft:walk_one_cm":143931,"minecraft:trigger_trapped_chest":1,"minecraft:drop":10,"minecraft:damage_dealt":2666,"minecraft:swim_one_cm":41369,"minecraft:talked_to_villager":2,"minecraft:fly_one_cm":219398,"minecraft:open_chest":12,"minecraft:crouch_one_cm":997,"minecraft:play_time":53540,"minecraft:deaths":3,"minecraft:sneak_time":458,"minecraft:walk_under_water_one_cm":4356,"minecraft:jump":1186,"minecraft:walk_on_water_one_cm":3953,"minecraft:total_world_time":53540,"minecraft:fall_one_cm":24930},"minecraft:picked_up":{"minecraft:crafting_table":5,"minecraft:wheat":45,"minecraft:feather":12,"iceandfire:copper_sword":1,"minecraft:chicken":3,"iceandfire:fire_lily":5,"minecraft:leather":6,"minecraft:brown_mushroom":2,"minecraft:wooden_pickaxe":3,"minecraft:potato":42,"minecraft:birch_planks":22,"minecraft:wither_rose":2,"minecraft:oak_log":6,"minecraft:shield":1,"minecraft:yellow_bed":3,"minecraft:string":4,"alexsmobs:gazelle_horn":3,"minecraft:dirt":61,"minecraft:iron_axe":1,"minecraft:apple":9,"minecraft:wheat_seeds":21,"minecraft:beef":14,"minecraft:iron_ingot":4,"minecraft:stone_pickaxe":3,"minecraft:sugar_cane":7,"minecraft:oak_planks":15,"minecraft:iron_sword":2,"minecraft:egg":8,"minecraft:furnace":3,"minecraft:book":3,"minecraft:stick":20,"minecraft:raw_iron":10,"minecraft:pumpkin":16,"minecraft:torch":4,"minecraft:acacia_log":2,"iceandfire:rotten_egg":1,"minecraft:white_bed":3,"alexsmobs:animal_dictionary":4,"iceandfire:silver_ingot":3,"minecraft:arrow":4,"minecraft:rotten_flesh":1,"minecraft:shears":3,"minecraft:hay_block":50,"minecraft:gold_ingot":2,"alexsmobs:emu_egg":7,"minecraft:bread":39,"minecraft:oak_sapling":4,"minecraft:oak_leaves":6,"minecraft:coal":48,"minecraft:white_wool":28,"iceandfire:raw_silver":8,"minecraft:cobblestone":47,"minecraft:oxeye_daisy":1},"minecraft:crafted":{"minecraft:oak_planks":24,"minecraft:crafting_table":2,"minecraft:wooden_pickaxe":1,"minecraft:cooked_chicken":3,"minecraft:iron_sword":2,"minecraft:furnace":1,"minecraft:bread":15,"minecraft:air":0,"minecraft:stick":4,"minecraft:iron_ingot":10,"minecraft:stone_pickaxe":1,"minecraft:acacia_planks":8,"minecraft:shears":1}},"DataVersion":3465}