{"stats":{"minecraft:dropped":{"minecraft:iron_ingot":4,"minecraft:bread":2,"alexsmobs:emu_egg":1,"minecraft:white_bed":1},"minecraft:killed_by":{"alexsmobs:rhinoceros":1,"alexsmobs:leafcutter_ant":1},"minecraft:used":{"minecraft:stone_pickaxe":23,"minecraft:wooden_pickaxe":38,"minecraft:iron_sword":45,"minecraft:cooked_chicken":3,"minecraft:torch":1,"minecraft:dirt":10,"minecraft:crafting_table":4,"minecraft:white_bed":1,"minecraft:apple":1,"minecraft:bread":11,"minecraft:beef":1,"minecraft:hay_block":8,"minecraft:furnace":1,"minecraft:yellow_bed":1,"alexsmobs:animal_dictionary":3},"minecraft:killed":{"minecraft:creeper":1,"alexsmobs:leafcutter_ant":1,"minecraft:chicken":3,"minecraft:cow":1},"minecraft:mined":{"minecraft:acacia_leaves":4,"minecraft:white_bed":2,"iceandfire:graveyard_soil":1,"iceandfire:silver_ore":2,"alexsmobs:leafcutter_anthill":1,"minecraft:crafting_table":3,"minecraft:acacia_log":1,"minecraft:grass_block":5,"iceandfire:fire_lily":1,"minecraft:hay_block":15,"minecraft:furnace":1,"minecraft:iron_ore":10,"minecraft:birch_leaves":3,"minecraft:pumpkin":4,"minecraft:yellow_bed":2,"minecraft:wither_rose":1,"minecraft:grass":37,"minecraft:coal_ore":15,"minecraft:oak_log":6,"minecraft:dirt":9,"minecraft:stone":20,"minecraft:oak_leaves":4},"minecraft:custom":{"minecraft:interact_with_furnace":7,"minecraft:mob_kills":7,"minecraft:interact_with_crafting_table":6,"minecraft:time_since_death":9296,"minecraft:sleep_in_bed":2,"minecraft:climb_one_cm":850,"minecraft:time_since_rest":6206,"minecraft:sprint_one_cm":147146,"minecraft:damage_taken":1130,"minecraft:walk_one_cm":103052,"minecraft:drop":8,"minecraft:damage_dealt":767,"minecraft:swim_one_cm":24880,"minecraft:talked_to_villager":1,"minecraft:fly_one_cm":175434,"minecraft:open_chest":5,"minecraft:crouch_one_cm":997,"minecraft:play_time":41540,"minecraft:deaths":2,"minecraft:sneak_time":439,"minecraft:walk_under_water_one_cm":2810,"minecraft:jump":924,"minecraft:walk_on_water_one_cm":3033,"minecraft:total_world_time":41540,"minecraft:fall_one_cm":21275},"minecraft:picked_up":{"minecraft:crafting_table":3,"minecraft:wheat":45,"minecraft:feather":9,"minecraft:chicken":3,"iceandfire:fire_lily":1,"minecraft:leather":4,"minecraft:wooden_pickaxe":1,"minecraft:potato":29,"minecraft:wither_rose":1,"minecraft:oak_log":6,"minecraft:yellow_bed":2,"alexsmobs:gazelle_horn":2,"minecraft:dirt":17,"minecraft:apple":7,"minecraft:wheat_seeds":9,"minecraft:beef":6,"minecraft:iron_ingot":4,"minecraft:stone_pickaxe":2,"minecraft:oak_planks":15,"minecraft:iron_sword":1,"minecraft:egg":6,"minecraft:furnace":3,"minecraft:book":2,"minecraft:stick":13,"minecraft:raw_iron":10,"minecraft:pumpkin":12,"minecraft:torch":1,"minecraft:acacia_log":1,"iceandfire:rotten_egg":1,"minecraft:white_bed":2,"alexsmobs:animal_dictionary":2,"minecraft:shears":2,"minecraft:hay_block":38,"alexsmobs:emu_egg":3,"minecraft:bread":8,"minecraft:oak_sapling":3,"minecraft:oak_leaves":6,"minecraft:coal":37,"minecraft:white_wool":21,"iceandfire:raw_silver":6,"minecraft:cobblestone":38},"minecraft:crafted":{"minecraft:oak_planks":24,"minecraft:crafting_table":2,"minecraft:wooden_pickaxe":1,"minecraft:cooked_chicken":3,"minecraft:iron_sword":2,"minecraft:furnace":1,"minecraft:bread":15,"minecraft:air":0,"minecraft:stick":4,"minecraft:iron_ingot":10,"minecraft:stone_pickaxe":1,"minecraft:acacia_planks":4,"minecraft:shears":1}},"DataVersion":3465}