{"stats":{"minecraft:dropped":{"minecraft:iron_ingot":4,"minecraft:bread":17,"minecraft:birch_planks":4,"minecraft:wheat_seeds":5,"minecraft:crafting_table":1,"minecraft:cobblestone":1,"iceandfire:dragon_stick":2,"minecraft:cracked_stone_bricks":1,"minecraft:leather_helmet":1,"minecraft:stick":1,"minecraft:oxeye_daisy":1,"minecraft:dirt":41,"alexsmobs:roadrunner_feather":2,"iceandfire:blindfold":1,"iceandfire:dragon_horn":1,"minecraft:rose_bush":1,"minecraft:iron_leggings":3,"alexsmobs:emu_feather":1,"minecraft:string":1,"minecraft:white_wool":4,"minecraft:birch_log":1,"minecraft:gold_ingot":64,"minecraft:bone":3,"iceandfire:dragonbone":5,"minecraft:compass":2,"alexsmobs:animal_dictionary":2,"minecraft:birch_sapling":1,"minecraft:oak_planks":36,"iceandfire:troll_tusk":1,"alexsmobs:emu_egg":1,"minecraft:white_bed":4,"minecraft:hay_block":32,"minecraft:shield":3,"iceandfire:copper_sword":2,"minecraft:skeleton_skull":3,"minecraft:iron_chestplate":4,"iceandfire:bestiary":1,"minecraft:chest":1,"minecraft:oak_sapling":8,"minecraft:golden_sword":1,"iceandfire:manuscript":2},"minecraft:killed_by":{"alexsmobs:emu":1,"alexsmobs:leafcutter_ant":1,"alexsmobs:rhinoceros":1,"iceandfire:ghost":10,"iceandfire:fire_dragon":15},"minecraft:used":{"alexsmobs:emu_egg":4,"iceandfire:lectern":5,"minecraft:red_sand":1,"minecraft:flint_and_steel":1,"minecraft:stone_shovel":3,"minecraft:shield":72,"minecraft:chest":1,"minecraft:white_terracotta":1,"minecraft:iron_sword":106,"minecraft:cooked_chicken":3,"minecraft:torch":4,"minecraft:dirt":12,"iceandfire:copper_sword":59,"minecraft:obsidian":4,"iceandfire:lightning_lily":1,"minecraft:iron_axe":2,"iceandfire:ghost_chest":5,"minecraft:golden_sword":1,"minecraft:golden_carrot":2,"minecraft:bow":2,"minecraft:beef":1,"minecraft:hay_block":8,"minecraft:furnace":2,"minecraft:stone_pickaxe":23,"minecraft:oak_planks":14,"minecraft:wooden_pickaxe":38,"minecraft:cracked_stone_bricks":2,"minecraft:mossy_cobblestone":1,"minecraft:crafting_table":11,"minecraft:white_bed":1,"iceandfire:silver_axe":130,"minecraft:apple":4,"minecraft:bread":26,"minecraft:iron_pickaxe":9,"iceandfire:ash":2,"minecraft:bucket":1,"minecraft:yellow_bed":14,"alexsmobs:animal_dictionary":15,"iceandfire:fire_lily":4,"minecraft:golden_pickaxe":19},"minecraft:killed":{"alexsmobs:rattlesnake":1,"alexsmobs:blue_jay":1,"alexsmobs:leafcutter_ant":1,"minecraft:chicken":3,"minecraft:creeper":1,"alexsmobs:emu":1,"alexsmobs:elephant":1,"iceandfire:ghost":3,"alexsmobs:roadrunner":5,"minecraft:cow":1},"minecraft:broken":{"minecraft:shield":1},"minecraft:mined":{"iceandfire:lightning_lily":1,"minecraft:white_bed":5,"iceandfire:graveyard_soil":1,"minecraft:farmland":2,"iceandfire:silver_ore":2,"minecraft:mossy_cobblestone":3,"alexsmobs:leafcutter_anthill":1,"minecraft:jungle_leaves":8,"minecraft:acacia_log":10,"minecraft:grass_block":7,"iceandfire:lectern":5,"minecraft:frosted_ice":1,"minecraft:hay_block":15,"minecraft:magma_block":1,"minecraft:furnace":3,"minecraft:iron_ore":10,"minecraft:fire":12,"minecraft:acacia_wood":1,"minecraft:pumpkin":4,"minecraft:vine":11,"minecraft:stone":20,"minecraft:acacia_leaves":4,"minecraft:brown_mushroom":1,"minecraft:glass_pane":2,"minecraft:crafting_table":11,"minecraft:torch":3,"minecraft:melon":13,"iceandfire:ghost_chest":7,"minecraft:dead_bush":2,"iceandfire:fire_lily":3,"minecraft:tall_grass":1,"minecraft:oak_planks":14,"minecraft:white_terracotta":1,"minecraft:birch_leaves":3,"minecraft:yellow_bed":15,"minecraft:wither_rose":1,"minecraft:grass":75,"minecraft:oak_log":7,"minecraft:coal_ore":15,"minecraft:dirt":9,"minecraft:cobweb":5,"minecraft:cracked_stone_bricks":2,"minecraft:terracotta":5,"minecraft:netherrack":2,"minecraft:oak_leaves":7,"minecraft:fern":1},"minecraft:custom":{"minecraft:mob_kills":29,"minecraft:animals_bred":1,"minecraft:interact_with_crafting_table":39,"minecraft:time_since_death":13369,"minecraft:climb_one_cm":7655,"minecraft:sprint_one_cm":484954,"minecraft:walk_one_cm":428117,"minecraft:damage_blocked_by_shield":1245,"minecraft:drop":78,"minecraft:talked_to_villager":4,"minecraft:play_time":167540,"minecraft:deaths":28,"minecraft:sneak_time":1898,"minecraft:walk_under_water_one_cm":12987,"minecraft:jump":3134,"minecraft:walk_on_water_one_cm":15066,"minecraft:total_world_time":167540,"minecraft:interact_with_furnace":7,"minecraft:sleep_in_bed":13,"minecraft:time_since_rest":6651,"minecraft:damage_taken":8599,"minecraft:trigger_trapped_chest":12,"minecraft:damage_dealt":7789,"minecraft:swim_one_cm":64393,"minecraft:fly_one_cm":660583,"minecraft:open_chest":46,"minecraft:crouch_one_cm":6395,"minecraft:fall_one_cm":62457},"minecraft:picked_up":{"iceandfire:dragon_skull_lightning":1,"minecraft:iron_chestplate":12,"minecraft:crafting_table":16,"minecraft:wheat":45,"minecraft:golden_pickaxe":2,"minecraft:chicken":3,"iceandfire:copper_sword":1,"iceandfire:fire_lily":6,"minecraft:brown_mushroom":2,"minecraft:wooden_pickaxe":3,"alexsmobs:roadrunner_feather":3,"minecraft:wither_rose":4,"minecraft:golden_sword":1,"minecraft:shield":8,"alexsmobs:gazelle_horn":3,"iceandfire:manuscript":60,"minecraft:string":22,"minecraft:iron_axe":1,"minecraft:flint_and_steel":1,"minecraft:iron_leggings":8,"minecraft:compass":10,"minecraft:red_sand":1,"minecraft:cracked_stone_bricks":3,"iceandfire:bestiary":5,"minecraft:gold_nugget":31,"alexsmobs:emu_feather":1,"minecraft:beef":19,"minecraft:rose_bush":2,"minecraft:jungle_sapling":1,"minecraft:iron_pickaxe":1,"minecraft:melon_slice":167,"minecraft:sugar_cane":25,"minecraft:chest":1,"minecraft:birch_sapling":2,"minecraft:furnace":6,"minecraft:egg":8,"minecraft:stick":50,"minecraft:raw_iron":10,"iceandfire:ghost_chest":5,"iceandfire:dragonbone":28,"iceandfire:troll_tusk":3,"minecraft:copper_ingot":5,"minecraft:torch":25,"minecraft:acacia_log":10,"iceandfire:rotten_egg":1,"iceandfire:lightning_lily":1,"iceandfire:blindfold":6,"minecraft:stone_shovel":4,"minecraft:stone_sword":8,"iceandfire:silver_ingot":4,"minecraft:arrow":6,"minecraft:rotten_flesh":1,"minecraft:shears":3,"minecraft:hay_block":297,"alexsmobs:emu_egg":9,"minecraft:gold_ingot":198,"iceandfire:earplugs":2,"minecraft:white_terracotta":1,"minecraft:mutton":51,"minecraft:skeleton_skull":9,"minecraft:cobblestone":48,"minecraft:white_wool":32,"minecraft:oxeye_daisy":1,"iceandfire:silver_axe":6,"minecraft:birch_log":2,"minecraft:feather":20,"minecraft:cooked_beef":10,"minecraft:golden_carrot":26,"minecraft:water_bucket":2,"minecraft:leather":106,"minecraft:acacia_wood":1,"minecraft:potato":96,"minecraft:birch_planks":25,"minecraft:oak_log":48,"iceandfire:ectoplasm":10,"minecraft:yellow_bed":16,"minecraft:paper":24,"minecraft:dirt":188,"minecraft:leather_boots":7,"minecraft:bone":82,"minecraft:apple":32,"minecraft:bow":9,"minecraft:wheat_seeds":75,"iceandfire:dragon_stick":4,"minecraft:iron_ingot":18,"minecraft:stone_pickaxe":3,"minecraft:acacia_sapling":1,"minecraft:iron_sword":10,"minecraft:oak_planks":65,"minecraft:book":24,"iceandfire:copper_nugget":300,"iceandfire:dragon_horn":4,"minecraft:pumpkin":20,"iceandfire:ash":2,"iceandfire:dragon_skull_fire":1,"minecraft:white_bed":6,"minecraft:leather_helmet":4,"alexsmobs:animal_dictionary":13,"minecraft:mossy_cobblestone":1,"iceandfire:lectern":6,"minecraft:iron_helmet":3,"alexsmobs:rattlesnake_rattle":1,"minecraft:emerald":45,"minecraft:bread":263,"minecraft:terracotta":10,"minecraft:oak_sapling":26,"minecraft:coal":68,"minecraft:oak_leaves":6,"iceandfire:raw_silver":8},"minecraft:crafted":{"minecraft:oak_planks":60,"minecraft:cooked_chicken":3,"iceandfire:dragon_stick":2,"minecraft:furnace":1,"iceandfire:lectern":1,"minecraft:stone_pickaxe":1,"minecraft:chest":1,"minecraft:wheat":9,"iceandfire:silver_axe":1,"minecraft:crafting_table":3,"iceandfire:blindfold":1,"minecraft:wooden_pickaxe":1,"minecraft:iron_sword":2,"minecraft:copper_ingot":5,"iceandfire:earplugs":1,"minecraft:bread":18,"minecraft:air":0,"iceandfire:bestiary":1,"minecraft:white_wool":2,"minecraft:shield":2,"minecraft:stick":8,"minecraft:iron_ingot":12,"minecraft:iron_pickaxe":1,"iceandfire:dragon_horn":1,"minecraft:acacia_planks":44,"minecraft:shears":1}},"DataVersion":3465}