{"stats":{"minecraft:dropped":{"minecraft:iron_ingot":4},"minecraft:used":{"minecraft:apple":1,"minecraft:stone_pickaxe":16,"minecraft:wooden_pickaxe":37,"minecraft:cooked_chicken":1,"minecraft:dirt":5,"minecraft:crafting_table":1,"minecraft:furnace":1},"minecraft:killed":{"minecraft:chicken":3},"minecraft:mined":{"minecraft:iron_ore":10,"minecraft:birch_leaves":3,"minecraft:crafting_table":1,"minecraft:grass":2,"minecraft:oak_log":6,"minecraft:grass_block":4,"minecraft:coal_ore":15,"minecraft:dirt":4,"minecraft:stone":20,"minecraft:oak_leaves":4},"minecraft:custom":{"minecraft:time_since_rest":17540,"minecraft:interact_with_furnace":7,"minecraft:sprint_one_cm":48812,"minecraft:damage_taken":210,"minecraft:walk_one_cm":35302,"minecraft:mob_kills":3,"minecraft:drop":4,"minecraft:damage_dealt":120,"minecraft:interact_with_crafting_table":3,"minecraft:fly_one_cm":31537,"minecraft:crouch_one_cm":883,"minecraft:play_time":17540,"minecraft:sneak_time":283,"minecraft:jump":287,"minecraft:time_since_death":17540,"minecraft:total_world_time":17540,"minecraft:fall_one_cm":7210},"minecraft:picked_up":{"minecraft:crafting_table":1,"minecraft:stick":2,"minecraft:raw_iron":10,"minecraft:feather":3,"minecraft:chicken":3,"minecraft:oak_log":6,"iceandfire:rotten_egg":1,"minecraft:dirt":8,"minecraft:apple":1,"minecraft:wheat_seeds":1,"minecraft:oak_sapling":1,"minecraft:coal":15,"minecraft:white_wool":7,"minecraft:cobblestone":20,"minecraft:egg":1},"minecraft:crafted":{"minecraft:oak_planks":24,"minecraft:crafting_table":1,"minecraft:stick":4,"minecraft:iron_ingot":10,"minecraft:wooden_pickaxe":1,"minecraft:cooked_chicken":3,"minecraft:stone_pickaxe":1,"minecraft:furnace":1,"minecraft:shears":1,"minecraft:air":0}},"DataVersion":3465}