{"stats":{"minecraft:dropped":{"minecraft:iron_ingot":4,"minecraft:bread":2,"minecraft:birch_planks":4,"minecraft:wheat_seeds":5,"minecraft:cracked_stone_bricks":1,"minecraft:stick":1,"minecraft:oxeye_daisy":1,"iceandfire:blindfold":1,"alexsmobs:emu_feather":1,"minecraft:string":1,"minecraft:bone":3,"iceandfire:dragonbone":5,"iceandfire:troll_tusk":1,"alexsmobs:emu_egg":1,"minecraft:white_bed":1,"minecraft:hay_block":1,"minecraft:shield":1,"iceandfire:copper_sword":2,"iceandfire:manuscript":2},"minecraft:killed_by":{"alexsmobs:leafcutter_ant":1,"alexsmobs:rhinoceros":1,"iceandfire:ghost":1},"minecraft:used":{"alexsmobs:emu_egg":3,"iceandfire:lectern":4,"minecraft:chest":1,"minecraft:iron_sword":102,"minecraft:cooked_chicken":3,"minecraft:torch":3,"minecraft:dirt":12,"iceandfire:copper_sword":59,"iceandfire:lightning_lily":1,"minecraft:iron_axe":2,"minecraft:golden_carrot":1,"minecraft:bow":2,"minecraft:beef":1,"minecraft:hay_block":8,"minecraft:furnace":1,"minecraft:stone_pickaxe":23,"minecraft:wooden_pickaxe":38,"minecraft:cracked_stone_bricks":2,"minecraft:mossy_cobblestone":1,"minecraft:crafting_table":8,"minecraft:white_bed":1,"iceandfire:silver_axe":35,"minecraft:apple":3,"minecraft:bread":16,"minecraft:bucket":1,"minecraft:yellow_bed":6,"alexsmobs:animal_dictionary":7,"iceandfire:fire_lily":3,"minecraft:golden_pickaxe":5},"minecraft:killed":{"alexsmobs:blue_jay":1,"alexsmobs:leafcutter_ant":1,"minecraft:chicken":3,"minecraft:creeper":1,"alexsmobs:emu":1,"alexsmobs:elephant":1,"iceandfire:ghost":1,"minecraft:cow":1},"minecraft:mined":{"iceandfire:lightning_lily":1,"minecraft:white_bed":2,"iceandfire:graveyard_soil":1,"minecraft:farmland":2,"iceandfire:silver_ore":2,"minecraft:mossy_cobblestone":3,"alexsmobs:leafcutter_anthill":1,"minecraft:acacia_log":10,"minecraft:grass_block":7,"iceandfire:lectern":4,"minecraft:frosted_ice":1,"minecraft:hay_block":15,"minecraft:furnace":1,"minecraft:iron_ore":10,"minecraft:acacia_wood":1,"minecraft:pumpkin":4,"minecraft:vine":7,"minecraft:stone":20,"minecraft:acacia_leaves":4,"minecraft:brown_mushroom":1,"minecraft:glass_pane":2,"minecraft:crafting_table":6,"minecraft:torch":2,"minecraft:melon":13,"iceandfire:ghost_chest":2,"iceandfire:fire_lily":2,"minecraft:tall_grass":1,"minecraft:birch_leaves":3,"minecraft:yellow_bed":6,"minecraft:wither_rose":1,"minecraft:grass":55,"minecraft:oak_log":6,"minecraft:coal_ore":15,"minecraft:dirt":9,"minecraft:cobweb":5,"minecraft:cracked_stone_bricks":2,"minecraft:oak_leaves":4,"minecraft:fern":1},"minecraft:custom":{"minecraft:mob_kills":11,"minecraft:animals_bred":1,"minecraft:interact_with_crafting_table":33,"minecraft:time_since_death":58380,"minecraft:climb_one_cm":878,"minecraft:sprint_one_cm":263871,"minecraft:walk_one_cm":248279,"minecraft:drop":32,"minecraft:talked_to_villager":4,"minecraft:play_time":101540,"minecraft:deaths":3,"minecraft:sneak_time":855,"minecraft:walk_under_water_one_cm":5506,"minecraft:jump":1701,"minecraft:walk_on_water_one_cm":5978,"minecraft:total_world_time":101540,"minecraft:interact_with_furnace":7,"minecraft:sleep_in_bed":8,"minecraft:time_since_rest":1301,"minecraft:damage_taken":1555,"minecraft:trigger_trapped_chest":1,"minecraft:damage_dealt":3009,"minecraft:swim_one_cm":41369,"minecraft:fly_one_cm":343349,"minecraft:open_chest":40,"minecraft:crouch_one_cm":2325,"minecraft:fall_one_cm":35434},"minecraft:picked_up":{"iceandfire:dragon_skull_lightning":1,"minecraft:crafting_table":8,"minecraft:wheat":45,"minecraft:chicken":3,"iceandfire:copper_sword":1,"iceandfire:fire_lily":5,"minecraft:brown_mushroom":2,"minecraft:wooden_pickaxe":3,"minecraft:wither_rose":2,"minecraft:shield":1,"alexsmobs:gazelle_horn":3,"iceandfire:manuscript":48,"minecraft:string":6,"minecraft:iron_axe":1,"minecraft:cracked_stone_bricks":3,"iceandfire:bestiary":1,"alexsmobs:emu_feather":1,"minecraft:beef":14,"minecraft:melon_slice":61,"minecraft:sugar_cane":7,"minecraft:furnace":3,"minecraft:egg":8,"minecraft:stick":20,"minecraft:raw_iron":10,"iceandfire:dragonbone":15,"iceandfire:troll_tusk":2,"minecraft:torch":6,"minecraft:acacia_log":10,"iceandfire:rotten_egg":1,"iceandfire:lightning_lily":1,"iceandfire:silver_ingot":3,"minecraft:arrow":6,"minecraft:rotten_flesh":1,"minecraft:shears":3,"minecraft:hay_block":52,"alexsmobs:emu_egg":7,"minecraft:gold_ingot":6,"minecraft:cobblestone":47,"minecraft:white_wool":28,"minecraft:oxeye_daisy":1,"minecraft:feather":12,"minecraft:leather":14,"minecraft:acacia_wood":1,"minecraft:potato":42,"minecraft:birch_planks":25,"minecraft:oak_log":6,"minecraft:yellow_bed":7,"minecraft:dirt":65,"minecraft:leather_boots":1,"minecraft:bone":3,"minecraft:apple":9,"minecraft:bow":1,"minecraft:wheat_seeds":26,"minecraft:iron_ingot":4,"minecraft:stone_pickaxe":3,"minecraft:iron_sword":2,"minecraft:oak_planks":15,"minecraft:book":3,"iceandfire:copper_nugget":50,"minecraft:pumpkin":16,"minecraft:white_bed":3,"alexsmobs:animal_dictionary":4,"minecraft:mossy_cobblestone":1,"iceandfire:lectern":4,"minecraft:bread":40,"minecraft:oak_sapling":4,"minecraft:coal":48,"minecraft:oak_leaves":6,"iceandfire:raw_silver":8},"minecraft:crafted":{"minecraft:oak_planks":24,"minecraft:cooked_chicken":3,"iceandfire:dragon_stick":1,"minecraft:furnace":1,"iceandfire:lectern":1,"minecraft:stone_pickaxe":1,"minecraft:chest":1,"minecraft:wheat":9,"iceandfire:silver_axe":1,"minecraft:crafting_table":3,"iceandfire:blindfold":1,"minecraft:wooden_pickaxe":1,"minecraft:iron_sword":2,"minecraft:copper_ingot":5,"iceandfire:earplugs":1,"minecraft:bread":18,"minecraft:air":0,"iceandfire:bestiary":1,"minecraft:shield":2,"minecraft:stick":8,"minecraft:iron_ingot":12,"minecraft:iron_pickaxe":1,"iceandfire:dragon_horn":1,"minecraft:acacia_planks":44,"minecraft:shears":1}},"DataVersion":3465}