{"stats":{"minecraft:dropped":{"minecraft:iron_ingot":28,"minecraft:bread":5,"minecraft:iron_sword":2,"iceandfire:raw_silver":7,"minecraft:birch_planks":1,"minecraft:lapis_lazuli":6,"minecraft:wheat_seeds":1,"iceandfire:silver_axe":2,"minecraft:golden_pickaxe":2,"minecraft:iron_helmet":1,"minecraft:cobblestone":2,"iceandfire:dragon_stick":2,"minecraft:chest_minecart":1,"minecraft:leather":4,"minecraft:copper_ingot":1,"minecraft:coal":9,"minecraft:leather_helmet":2,"iceandfire:graveyard_soil":8,"minecraft:dirt":1,"alexsmobs:roadrunner_feather":2,"minecraft:torch":29,"iceandfire:copper_nugget":50,"iceandfire:dragon_horn":2,"minecraft:iron_leggings":1,"minecraft:gold_nugget":1,"minecraft:iron_pickaxe":2,"minecraft:dark_oak_boat":1,"minecraft:string":1,"iceandfire:dragon_skull_fire":1,"minecraft:gold_ingot":15,"iceandfire:dragonbone":3,"minecraft:gravel":1,"minecraft:rotten_flesh":4,"iceandfire:troll_tusk":3,"minecraft:hay_block":31,"iceandfire:ghost_chest":1,"iceandfire:copper_sword":1,"iceandfire:rotten_egg":1,"minecraft:iron_chestplate":3,"minecraft:yellow_bed":1,"iceandfire:silver_ingot":3,"minecraft:leather_boots":3,"iceandfire:bestiary":1,"iceandfire:lectern":1,"minecraft:spider_eye":2,"minecraft:arrow":5,"minecraft:bow":4,"iceandfire:chared_grass":1,"iceandfire:manuscript":76,"minecraft:terracotta":6},"minecraft:killed_by":{"minecraft:creeper":1,"minecraft:spider":1,"alexsmobs:elephant":1,"minecraft:skeleton":1,"alexsmobs:tarantula_hawk":1,"iceandfire:ghost":9,"iceandfire:fire_dragon":1},"minecraft:used":{"minecraft:stone_sword":6,"minecraft:flint_and_steel":3,"minecraft:chest":1,"minecraft:shield":11,"minecraft:white_terracotta":1,"minecraft:iron_sword":112,"minecraft:mossy_stone_brick_slab":1,"minecraft:iron_chestplate":3,"minecraft:torch":27,"minecraft:dirt":1,"iceandfire:copper_sword":4,"minecraft:acacia_sapling":2,"minecraft:iron_axe":49,"minecraft:iron_helmet":1,"minecraft:golden_carrot":2,"minecraft:hay_block":9,"minecraft:furnace":2,"minecraft:egg":4,"minecraft:orange_terracotta":7,"minecraft:iron_leggings":3,"minecraft:wheat_seeds":1,"minecraft:birch_planks":3,"minecraft:stone_pickaxe":7,"minecraft:oak_planks":4,"minecraft:wooden_pickaxe":9,"iceandfire:dragon_skull_lightning":1,"minecraft:cracked_stone_bricks":5,"minecraft:oak_leaves":1,"minecraft:white_wool":1,"minecraft:terracotta":28,"minecraft:yellow_terracotta":2,"minecraft:crafting_table":9,"minecraft:light_gray_terracotta":3,"minecraft:white_bed":13,"minecraft:oak_log":1,"minecraft:melon_slice":8,"minecraft:bread":43,"minecraft:iron_pickaxe":106,"iceandfire:graveyard_soil":1,"minecraft:leather_helmet":2,"minecraft:red_terracotta":4,"minecraft:cobblestone":7,"minecraft:yellow_bed":3,"alexsmobs:animal_dictionary":3,"minecraft:golden_pickaxe":6,"minecraft:cobweb":18},"minecraft:killed":{"minecraft:cave_spider":2,"minecraft:spider":2,"minecraft:skeleton":4,"minecraft:zombie":1,"iceandfire:ghost":10,"alexsmobs:roadrunner":1,"alexsmobs:fly":1,"minecraft:cow":4},"minecraft:mined":{"minecraft:white_bed":11,"iceandfire:graveyard_soil":1,"minecraft:mossy_stone_brick_slab":1,"iceandfire:copper_pile":12,"minecraft:jungle_leaves":7,"minecraft:red_sand":1,"minecraft:grass_block":4,"iceandfire:lectern":1,"minecraft:oxeye_daisy":1,"iceandfire:chared_grass":1,"minecraft:large_fern":1,"minecraft:hay_block":88,"minecraft:fire":2,"minecraft:acacia_wood":1,"minecraft:andesite":1,"minecraft:pumpkin":1,"minecraft:gold_block":1,"minecraft:vine":2,"iceandfire:gold_pile":63,"minecraft:stone":20,"minecraft:bone_block":2,"iceandfire:pixie_jar_empty":2,"minecraft:orange_terracotta":3,"iceandfire:myrmex_desert_resin_glass":4,"iceandfire:podium_acacia":1,"minecraft:crafting_table":6,"minecraft:torch":2,"minecraft:light_gray_terracotta":6,"minecraft:melon":2,"minecraft:chest":1,"minecraft:dead_bush":4,"iceandfire:fire_lily":1,"minecraft:tall_grass":4,"minecraft:sugar_cane":3,"minecraft:wall_torch":1,"minecraft:skeleton_skull":7,"minecraft:white_terracotta":2,"minecraft:birch_planks":3,"minecraft:red_terracotta":3,"minecraft:birch_log":7,"minecraft:wheat":1,"minecraft:yellow_bed":2,"minecraft:grass":28,"minecraft:coal_ore":37,"minecraft:cobweb":16,"minecraft:cracked_stone_bricks":5,"minecraft:terracotta":21,"minecraft:stone_bricks":3,"minecraft:gold_ore":15,"minecraft:fern":2,"minecraft:oak_leaves":3},"minecraft:custom":{"minecraft:mob_kills":25,"minecraft:interact_with_crafting_table":21,"minecraft:time_since_death":20305,"minecraft:climb_one_cm":5900,"minecraft:sprint_one_cm":502697,"minecraft:walk_one_cm":292359,"minecraft:damage_blocked_by_shield":855,"minecraft:drop":166,"minecraft:talked_to_villager":2,"minecraft:play_time":190085,"minecraft:deaths":15,"minecraft:sneak_time":3411,"minecraft:walk_under_water_one_cm":11571,"minecraft:boat_one_cm":78829,"minecraft:jump":3492,"minecraft:interact_with_brewingstand":1,"minecraft:walk_on_water_one_cm":37232,"minecraft:total_world_time":190085,"minecraft:interact_with_furnace":4,"minecraft:sleep_in_bed":16,"minecraft:time_since_rest":6075,"minecraft:damage_taken":5472,"minecraft:trigger_trapped_chest":4,"minecraft:damage_dealt":4586,"minecraft:swim_one_cm":54260,"minecraft:fly_one_cm":869961,"minecraft:open_chest":70,"minecraft:crouch_one_cm":6850,"minecraft:fall_one_cm":104279},"minecraft:picked_up":{"iceandfire:dragon_skull_lightning":1,"minecraft:crafting_table":13,"minecraft:iron_chestplate":17,"minecraft:chest_minecart":2,"iceandfire:copper_sword":4,"minecraft:golden_pickaxe":5,"iceandfire:fire_lily":2,"minecraft:wooden_pickaxe":1,"alexsmobs:roadrunner_feather":2,"minecraft:gold_block":1,"minecraft:wither_rose":2,"minecraft:golden_sword":2,"minecraft:shield":7,"iceandfire:manuscript":83,"minecraft:string":31,"minecraft:iron_axe":1,"minecraft:iron_leggings":10,"minecraft:compass":2,"iceandfire:graveyard_soil":9,"iceandfire:bestiary":4,"minecraft:cracked_stone_bricks":5,"minecraft:gold_nugget":1587,"minecraft:beef":20,"minecraft:rose_bush":6,"minecraft:jungle_sapling":3,"minecraft:iron_pickaxe":6,"minecraft:chest":3,"minecraft:melon_slice":303,"minecraft:sugar_cane":47,"iceandfire:podium_acacia":1,"minecraft:furnace":1,"minecraft:egg":2,"minecraft:stick":10,"iceandfire:ghost_chest":6,"iceandfire:dragonbone":3,"iceandfire:troll_tusk":3,"minecraft:copper_ingot":11,"iceandfire:chared_grass":1,"minecraft:torch":79,"iceandfire:rotten_egg":1,"minecraft:dark_oak_planks":32,"iceandfire:blindfold":1,"iceandfire:silver_ingot":6,"minecraft:arrow":5,"minecraft:rotten_flesh":5,"minecraft:hay_block":310,"minecraft:yellow_terracotta":2,"alexsmobs:emu_egg":1,"minecraft:white_terracotta":1,"minecraft:gold_ingot":233,"minecraft:glow_berries":10,"minecraft:rail":33,"iceandfire:silver_axe":2,"minecraft:mutton":53,"minecraft:skeleton_skull":22,"minecraft:bone_block":2,"minecraft:white_wool":11,"minecraft:cobblestone":44,"minecraft:oxeye_daisy":4,"minecraft:birch_log":7,"minecraft:feather":11,"minecraft:cooked_beef":5,"minecraft:golden_carrot":43,"minecraft:andesite":1,"minecraft:leather":31,"minecraft:dark_oak_boat":1,"iceandfire:myrmex_desert_resin_glass":4,"minecraft:acacia_wood":1,"minecraft:potato":41,"minecraft:birch_planks":21,"minecraft:oak_log":1,"iceandfire:ectoplasm":4,"minecraft:yellow_bed":6,"minecraft:lapis_lazuli":6,"minecraft:dirt":202,"minecraft:orange_terracotta":7,"minecraft:name_tag":2,"minecraft:leather_boots":2,"minecraft:bone":182,"minecraft:acacia_planks":120,"minecraft:apple":24,"iceandfire:pixie_jar_empty":2,"minecraft:bow":4,"minecraft:wheat_seeds":22,"minecraft:raw_gold":17,"iceandfire:dragon_stick":6,"minecraft:iron_ingot":90,"minecraft:cobweb":20,"minecraft:oak_planks":104,"minecraft:iron_sword":11,"minecraft:acacia_sapling":2,"minecraft:book":20,"iceandfire:copper_nugget":100,"iceandfire:dragon_horn":4,"minecraft:pumpkin":21,"minecraft:gravel":2,"iceandfire:dragon_skull_fire":1,"minecraft:white_bed":14,"minecraft:red_terracotta":4,"minecraft:spider_eye":3,"minecraft:mossy_stone_brick_slab":1,"alexsmobs:animal_dictionary":3,"minecraft:leather_helmet":4,"minecraft:light_gray_terracotta":3,"iceandfire:lectern":3,"minecraft:iron_helmet":6,"minecraft:bread":127,"minecraft:emerald":4,"minecraft:terracotta":46,"minecraft:dark_oak_fence":2,"minecraft:coal":71,"iceandfire:raw_silver":17,"minecraft:oak_leaves":2},"minecraft:crafted":{"minecraft:stone_shovel":1,"minecraft:furnace":1,"minecraft:bow":1,"minecraft:iron_axe":1,"minecraft:stone_pickaxe":2,"minecraft:wheat":216,"minecraft:cooked_beef":5,"minecraft:crafting_table":3,"minecraft:wooden_pickaxe":1,"minecraft:birch_planks":28,"minecraft:bread":57,"minecraft:air":0,"minecraft:white_wool":1,"minecraft:shield":1,"minecraft:stick":16,"minecraft:stone_sword":1,"minecraft:gold_ingot":62,"minecraft:acacia_planks":4,"minecraft:torch":4}},"DataVersion":3465}