{"stats":{"minecraft:dropped":{"minecraft:bread":2,"iceandfire:raw_silver":4,"minecraft:leather":4,"iceandfire:copper_sword":1,"iceandfire:rotten_egg":1,"iceandfire:silver_ingot":3,"minecraft:arrow":4,"minecraft:bow":2,"minecraft:string":1,"iceandfire:manuscript":7,"minecraft:gold_ingot":2},"minecraft:killed_by":{"minecraft:spider":1,"iceandfire:ghost":2,"alexsmobs:elephant":1},"minecraft:used":{"minecraft:wheat_seeds":1,"minecraft:birch_planks":3,"minecraft:wooden_pickaxe":9,"minecraft:shield":2,"minecraft:oak_leaves":1,"minecraft:crafting_table":2,"iceandfire:copper_sword":3,"minecraft:white_bed":2,"minecraft:bread":12,"minecraft:iron_axe":39,"iceandfire:graveyard_soil":1,"minecraft:hay_block":9,"minecraft:egg":4,"minecraft:cobweb":6},"minecraft:killed":{"minecraft:spider":1,"minecraft:skeleton":1,"minecraft:zombie":1,"iceandfire:ghost":1,"alexsmobs:fly":1,"minecraft:cow":1},"minecraft:mined":{"iceandfire:pixie_jar_empty":1,"minecraft:white_bed":2,"iceandfire:graveyard_soil":1,"iceandfire:copper_pile":6,"iceandfire:myrmex_desert_resin_glass":4,"iceandfire:podium_acacia":1,"minecraft:crafting_table":3,"minecraft:grass_block":4,"minecraft:melon":2,"iceandfire:lectern":1,"iceandfire:fire_lily":1,"minecraft:tall_grass":3,"minecraft:sugar_cane":3,"minecraft:oxeye_daisy":1,"minecraft:skeleton_skull":1,"minecraft:hay_block":43,"minecraft:birch_planks":3,"minecraft:birch_log":7,"minecraft:acacia_wood":1,"minecraft:wheat":1,"minecraft:grass":10,"minecraft:stone":6,"minecraft:oak_leaves":1},"minecraft:custom":{"minecraft:mob_kills":6,"minecraft:interact_with_crafting_table":7,"minecraft:time_since_death":15790,"minecraft:sleep_in_bed":7,"minecraft:time_since_rest":4221,"minecraft:sprint_one_cm":138597,"minecraft:damage_taken":1461,"minecraft:walk_one_cm":76489,"minecraft:damage_blocked_by_shield":120,"minecraft:trigger_trapped_chest":1,"minecraft:drop":24,"minecraft:damage_dealt":734,"minecraft:swim_one_cm":30347,"minecraft:fly_one_cm":237777,"minecraft:open_chest":17,"minecraft:crouch_one_cm":134,"minecraft:play_time":52085,"minecraft:deaths":4,"minecraft:sneak_time":161,"minecraft:walk_under_water_one_cm":2385,"minecraft:jump":894,"minecraft:walk_on_water_one_cm":16746,"minecraft:total_world_time":52085,"minecraft:fall_one_cm":24419},"minecraft:picked_up":{"minecraft:birch_log":7,"minecraft:crafting_table":5,"minecraft:feather":3,"iceandfire:copper_sword":3,"iceandfire:fire_lily":2,"minecraft:leather":16,"iceandfire:myrmex_desert_resin_glass":4,"minecraft:wooden_pickaxe":1,"minecraft:acacia_wood":1,"minecraft:birch_planks":20,"iceandfire:ectoplasm":4,"minecraft:yellow_bed":1,"iceandfire:manuscript":27,"minecraft:string":5,"minecraft:dirt":24,"minecraft:iron_axe":1,"minecraft:bone":20,"iceandfire:pixie_jar_empty":1,"iceandfire:bestiary":1,"iceandfire:graveyard_soil":1,"minecraft:bow":1,"minecraft:gold_nugget":2,"minecraft:wheat_seeds":8,"minecraft:beef":6,"minecraft:iron_ingot":10,"minecraft:cobweb":12,"minecraft:melon_slice":22,"minecraft:sugar_cane":20,"iceandfire:podium_acacia":1,"minecraft:egg":2,"iceandfire:copper_nugget":50,"iceandfire:ghost_chest":2,"minecraft:torch":2,"iceandfire:rotten_egg":1,"minecraft:white_bed":3,"alexsmobs:animal_dictionary":1,"iceandfire:silver_ingot":6,"minecraft:arrow":4,"minecraft:rotten_flesh":1,"iceandfire:lectern":1,"minecraft:hay_block":87,"alexsmobs:emu_egg":1,"minecraft:emerald":4,"minecraft:gold_ingot":4,"minecraft:bread":18,"minecraft:cobblestone":6,"minecraft:skeleton_skull":2,"minecraft:oak_leaves":2,"iceandfire:raw_silver":6,"minecraft:oxeye_daisy":4},"minecraft:crafted":{"minecraft:crafting_table":1,"minecraft:wooden_pickaxe":1,"minecraft:birch_planks":28,"minecraft:bread":42,"minecraft:bow":1,"minecraft:shield":1,"minecraft:iron_axe":1,"minecraft:stick":8,"minecraft:acacia_planks":4,"minecraft:wheat":171}},"DataVersion":3465}