{"stats":{"minecraft:dropped":{"minecraft:bread":2,"iceandfire:raw_silver":4,"iceandfire:copper_sword":1,"iceandfire:rotten_egg":1,"iceandfire:silver_ingot":3,"minecraft:gold_ingot":2},"minecraft:killed_by":{"minecraft:spider":1,"iceandfire:ghost":2,"alexsmobs:elephant":1},"minecraft:used":{"minecraft:wheat_seeds":1,"minecraft:birch_planks":3,"minecraft:shield":2,"minecraft:oak_leaves":1,"minecraft:crafting_table":2,"iceandfire:copper_sword":3,"minecraft:white_bed":1,"minecraft:bread":10,"minecraft:iron_axe":34,"iceandfire:graveyard_soil":1,"minecraft:hay_block":9,"minecraft:egg":2,"minecraft:cobweb":2},"minecraft:killed":{"minecraft:spider":1,"minecraft:skeleton":1,"minecraft:zombie":1,"iceandfire:ghost":1,"minecraft:cow":1},"minecraft:mined":{"minecraft:white_bed":1,"iceandfire:graveyard_soil":1,"minecraft:crafting_table":3,"minecraft:grass_block":3,"minecraft:melon":2,"iceandfire:fire_lily":1,"minecraft:tall_grass":3,"minecraft:sugar_cane":3,"minecraft:oxeye_daisy":1,"minecraft:skeleton_skull":1,"minecraft:hay_block":39,"minecraft:birch_planks":3,"minecraft:birch_log":7,"minecraft:acacia_wood":1,"minecraft:wheat":1,"minecraft:grass":7,"minecraft:oak_leaves":1},"minecraft:custom":{"minecraft:mob_kills":5,"minecraft:interact_with_crafting_table":3,"minecraft:time_since_death":3790,"minecraft:sleep_in_bed":6,"minecraft:time_since_rest":3843,"minecraft:sprint_one_cm":111618,"minecraft:damage_taken":1391,"minecraft:walk_one_cm":59041,"minecraft:damage_blocked_by_shield":120,"minecraft:trigger_trapped_chest":1,"minecraft:drop":10,"minecraft:damage_dealt":714,"minecraft:swim_one_cm":30347,"minecraft:fly_one_cm":200604,"minecraft:open_chest":7,"minecraft:crouch_one_cm":134,"minecraft:play_time":40085,"minecraft:deaths":4,"minecraft:sneak_time":161,"minecraft:walk_under_water_one_cm":2385,"minecraft:jump":749,"minecraft:walk_on_water_one_cm":16137,"minecraft:total_world_time":40085,"minecraft:fall_one_cm":20402},"minecraft:picked_up":{"minecraft:birch_log":7,"minecraft:crafting_table":5,"minecraft:feather":3,"iceandfire:copper_sword":3,"iceandfire:fire_lily":2,"minecraft:leather":16,"minecraft:wooden_pickaxe":1,"minecraft:acacia_wood":1,"minecraft:birch_planks":20,"iceandfire:ectoplasm":4,"minecraft:yellow_bed":1,"iceandfire:manuscript":20,"minecraft:string":1,"minecraft:dirt":23,"minecraft:iron_axe":1,"minecraft:bone":20,"iceandfire:graveyard_soil":1,"minecraft:gold_nugget":2,"minecraft:wheat_seeds":7,"minecraft:beef":6,"minecraft:iron_ingot":10,"minecraft:cobweb":12,"minecraft:melon_slice":22,"minecraft:sugar_cane":20,"minecraft:egg":2,"iceandfire:ghost_chest":2,"minecraft:torch":2,"iceandfire:rotten_egg":1,"minecraft:white_bed":2,"alexsmobs:animal_dictionary":1,"iceandfire:silver_ingot":6,"minecraft:arrow":2,"minecraft:rotten_flesh":1,"minecraft:hay_block":83,"alexsmobs:emu_egg":1,"minecraft:emerald":4,"minecraft:gold_ingot":4,"minecraft:bread":18,"minecraft:skeleton_skull":2,"minecraft:oak_leaves":2,"iceandfire:raw_silver":6,"minecraft:oxeye_daisy":4},"minecraft:crafted":{"minecraft:crafting_table":1,"minecraft:wooden_pickaxe":1,"minecraft:birch_planks":28,"minecraft:bread":21,"minecraft:shield":1,"minecraft:iron_axe":1,"minecraft:stick":8,"minecraft:wheat":108}},"DataVersion":3465}