{"stats":{"minecraft:dropped":{"minecraft:bread":1,"iceandfire:rotten_egg":1},"minecraft:used":{"minecraft:crafting_table":1,"minecraft:bread":3,"minecraft:iron_axe":2,"minecraft:egg":2},"minecraft:mined":{"minecraft:grass":1,"minecraft:hay_block":21,"minecraft:grass_block":2,"minecraft:white_bed":1,"minecraft:birch_log":7,"minecraft:crafting_table":2},"minecraft:custom":{"minecraft:time_since_rest":9584,"minecraft:play_time":16085,"minecraft:sprint_one_cm":50791,"minecraft:damage_taken":60,"minecraft:walk_one_cm":21166,"minecraft:sneak_time":5,"minecraft:drop":2,"minecraft:jump":289,"minecraft:time_since_death":16085,"minecraft:sleep_in_bed":1,"minecraft:total_world_time":16085,"minecraft:interact_with_crafting_table":2,"minecraft:fall_one_cm":9261,"minecraft:fly_one_cm":71611},"minecraft:picked_up":{"minecraft:birch_log":7,"minecraft:crafting_table":2,"minecraft:wheat_seeds":1,"minecraft:torch":1,"minecraft:hay_block":21,"minecraft:iron_ingot":4,"iceandfire:rotten_egg":1,"minecraft:white_bed":1,"minecraft:egg":2},"minecraft:crafted":{"minecraft:birch_planks":28,"minecraft:iron_axe":1,"minecraft:crafting_table":1,"minecraft:stick":8,"minecraft:wooden_pickaxe":1,"minecraft:bread":21,"minecraft:wheat":108}},"DataVersion":3465}