{"stats":{"minecraft:crafted":{"minecraft:black_dye":1,"minecraft:bow":1,"minecraft:chest":1,"minecraft:crafting_table":4,"minecraft:wooden_pickaxe":1,"minecraft:birch_planks":28,"minecraft:dark_oak_chest_boat":1,"minecraft:shield":1,"minecraft:stick":16,"minecraft:stone_sword":1,"minecraft:gold_ingot":63,"minecraft:black_bed":1,"iceandfire:silver_sword":1,"minecraft:stone_shovel":1,"minecraft:furnace":1,"minecraft:mushroom_stew":1,"minecraft:iron_axe":1,"minecraft:stone_pickaxe":2,"minecraft:wheat":216,"minecraft:cooked_beef":5,"minecraft:bowl":8,"minecraft:bread":57,"minecraft:air":0,"minecraft:oak_boat":2,"minecraft:oak_chest_boat":1,"minecraft:white_wool":4,"minecraft:white_bed":1,"minecraft:acacia_planks":4,"minecraft:torch":4},"minecraft:mined":{"minecraft:white_bed":14,"iceandfire:graveyard_soil":1,"minecraft:mossy_stone_brick_slab":1,"iceandfire:copper_pile":12,"minecraft:jungle_leaves":7,"minecraft:red_sand":1,"minecraft:grass_block":5,"iceandfire:lectern":1,"minecraft:oxeye_daisy":1,"minecraft:chiseled_stone_bricks":2,"minecraft:fire":3,"minecraft:pumpkin":1,"iceandfire:gold_pile":63,"minecraft:orange_terracotta":3,"iceandfire:myrmex_desert_resin_glass":4,"iceandfire:podium_acacia":1,"minecraft:torch":4,"minecraft:light_gray_terracotta":6,"minecraft:melon":16,"minecraft:chest":2,"minecraft:dead_bush":4,"iceandfire:fire_lily":1,"minecraft:cobblestone":7,"minecraft:sugar_cane":3,"minecraft:wall_torch":1,"minecraft:skeleton_skull":8,"minecraft:white_terracotta":2,"minecraft:birch_log":7,"minecraft:wheat":1,"minecraft:grass":42,"minecraft:sand":1,"minecraft:dirt":1,"minecraft:red_mushroom_block":3,"minecraft:oak_leaves":7,"minecraft:mossy_cobblestone":6,"minecraft:lever":2,"minecraft:brown_mushroom_block":3,"iceandfire:chared_grass":1,"minecraft:large_fern":1,"minecraft:hay_block":88,"minecraft:acacia_wood":1,"minecraft:andesite":1,"minecraft:gold_block":1,"minecraft:vine":6,"minecraft:bamboo":3,"minecraft:stone":20,"minecraft:bone_block":2,"iceandfire:pixie_jar_empty":2,"minecraft:crafting_table":9,"minecraft:tall_grass":7,"minecraft:birch_planks":3,"minecraft:red_terracotta":3,"minecraft:yellow_bed":2,"minecraft:coal_ore":37,"minecraft:cobweb":16,"minecraft:cracked_stone_bricks":5,"minecraft:terracotta":21,"minecraft:stone_bricks":3,"minecraft:gold_ore":15,"minecraft:fern":6},"minecraft:broken":{"minecraft:iron_chestplate":2,"minecraft:iron_leggings":1,"iceandfire:tide_bronze_boots":1,"minecraft:iron_helmet":1},"minecraft:picked_up":{"minecraft:iron_chestplate":21,"iceandfire:copper_sword":4,"minecraft:wither_rose":2,"minecraft:enchanted_book":4,"minecraft:golden_sword":3,"iceandfire:manuscript":83,"minecraft:string":77,"minecraft:iron_leggings":12,"minecraft:gold_nugget":1661,"minecraft:rose_bush":6,"minecraft:iron_pickaxe":10,"minecraft:melon_slice":558,"minecraft:furnace":1,"minecraft:stick":17,"iceandfire:ghost_chest":6,"minecraft:torch":478,"iceandfire:rotten_egg":1,"minecraft:rotten_flesh":5,"alexsmobs:emu_egg":1,"minecraft:white_terracotta":1,"minecraft:cobblestone":50,"minecraft:birch_log":7,"iceandfire:tide_bronze_boots":1,"minecraft:feather":14,"minecraft:cooked_beef":5,"minecraft:andesite":1,"minecraft:dark_oak_boat":2,"minecraft:potato":59,"minecraft:lapis_lazuli":6,"minecraft:dirt":343,"minecraft:name_tag":4,"minecraft:leather_boots":3,"minecraft:stripped_bamboo_block":1,"minecraft:bone":276,"minecraft:acacia_planks":140,"minecraft:bow":4,"minecraft:wheat_seeds":42,"minecraft:raw_gold":32,"minecraft:mossy_stone_bricks":2,"minecraft:bamboo":9,"minecraft:oak_planks":175,"iceandfire:dragon_skull_fire":1,"minecraft:sand":4,"minecraft:ink_sac":1,"minecraft:red_terracotta":4,"alexsmobs:animal_dictionary":6,"minecraft:mossy_cobblestone":4,"minecraft:light_gray_terracotta":3,"iceandfire:lectern":3,"minecraft:golden_apple":6,"minecraft:bread":148,"minecraft:emerald":4,"iceandfire:gorgon_head":1,"alexsmobs:maggot":1,"minecraft:oak_sapling":1,"minecraft:dark_oak_fence":2,"iceandfire:raw_silver":27,"minecraft:oak_leaves":2,"iceandfire:dragon_skull_lightning":2,"minecraft:crafting_table":21,"minecraft:golden_pickaxe":6,"minecraft:chest_minecart":2,"iceandfire:fire_lily":2,"minecraft:brown_mushroom":2,"minecraft:wooden_pickaxe":1,"alexsmobs:roadrunner_feather":6,"minecraft:gold_block":1,"minecraft:shield":16,"minecraft:iron_axe":1,"minecraft:flint_and_steel":5,"minecraft:compass":6,"iceandfire:tide_bronze_helmet":1,"iceandfire:bestiary":5,"iceandfire:graveyard_soil":9,"minecraft:cracked_stone_bricks":5,"minecraft:beef":20,"minecraft:oak_boat":1,"minecraft:jungle_sapling":5,"minecraft:chest":4,"minecraft:sugar_cane":87,"iceandfire:podium_acacia":1,"minecraft:egg":2,"minecraft:raw_iron":19,"iceandfire:dragonbone":3,"iceandfire:troll_tusk":3,"minecraft:copper_ingot":13,"iceandfire:chared_grass":1,"minecraft:dark_oak_planks":101,"iceandfire:blindfold":1,"iceandfire:silver_ingot":34,"minecraft:arrow":18,"minecraft:beetroot_seeds":12,"minecraft:hay_block":422,"minecraft:yellow_terracotta":2,"minecraft:gold_ingot":489,"minecraft:white_wool":17,"minecraft:glow_berries":15,"minecraft:mutton":70,"minecraft:skeleton_skull":63,"minecraft:rail":177,"minecraft:bone_block":2,"minecraft:oxeye_daisy":4,"iceandfire:silver_axe":5,"minecraft:golden_carrot":55,"minecraft:salmon":1,"minecraft:red_mushroom":1,"minecraft:leather":64,"alexsmobs:acacia_blossom":4,"minecraft:acacia_wood":1,"iceandfire:myrmex_desert_resin_glass":4,"minecraft:filled_map":5,"minecraft:birch_planks":21,"minecraft:oak_log":1,"iceandfire:ectoplasm":31,"minecraft:yellow_bed":7,"minecraft:gunpowder":9,"minecraft:orange_terracotta":7,"minecraft:apple":48,"iceandfire:pixie_jar_empty":2,"alexsmobs:cockroach_wing_fragment":1,"iceandfire:dragon_stick":11,"minecraft:iron_ingot":90,"minecraft:cobweb":20,"minecraft:acacia_sapling":5,"minecraft:iron_sword":14,"minecraft:book":35,"iceandfire:copper_nugget":100,"iceandfire:dragon_horn":5,"minecraft:pumpkin":33,"minecraft:gravel":2,"minecraft:white_bed":17,"minecraft:mossy_stone_brick_slab":1,"minecraft:dark_oak_chest_boat":2,"minecraft:spider_eye":3,"minecraft:leather_helmet":6,"iceandfire:silver_sword":2,"minecraft:iron_helmet":7,"minecraft:terracotta":46,"minecraft:coal":142},"minecraft:custom":{"minecraft:interact_with_crafting_table":32,"minecraft:leave_game":3,"minecraft:time_since_death":73750,"minecraft:sprint_one_cm":742268,"minecraft:damage_blocked_by_shield":1005,"minecraft:drop":198,"minecraft:talked_to_villager":2,"minecraft:play_time":337854,"minecraft:deaths":27,"minecraft:jump":5427,"minecraft:interact_with_brewingstand":1,"minecraft:walk_on_water_one_cm":71629,"minecraft:interact_with_furnace":8,"minecraft:sleep_in_bed":22,"minecraft:damage_dealt":6897,"minecraft:crouch_one_cm":15323,"minecraft:inspect_dispenser":3,"minecraft:mob_kills":31,"minecraft:climb_one_cm":18445,"minecraft:walk_one_cm":529568,"minecraft:sneak_time":8058,"minecraft:walk_under_water_one_cm":19339,"minecraft:boat_one_cm":918162,"minecraft:total_world_time":337854,"minecraft:time_since_rest":38241,"minecraft:damage_taken":2147483647,"minecraft:damage_absorbed":20,"minecraft:trigger_trapped_chest":4,"minecraft:swim_one_cm":90017,"minecraft:fly_one_cm":1229198,"minecraft:open_chest":93,"minecraft:fall_one_cm":159690},"minecraft:used":{"minecraft:chest":1,"minecraft:shield":14,"minecraft:white_terracotta":1,"minecraft:iron_sword":143,"minecraft:mossy_stone_brick_slab":1,"minecraft:iron_chestplate":3,"minecraft:acacia_sapling":2,"minecraft:iron_helmet":2,"minecraft:hay_block":9,"minecraft:furnace":2,"minecraft:egg":4,"minecraft:oak_chest_boat":1,"iceandfire:tide_bronze_boots":1,"minecraft:stone_pickaxe":7,"minecraft:oak_planks":11,"minecraft:wooden_pickaxe":9,"minecraft:oak_leaves":1,"minecraft:white_wool":1,"minecraft:golden_apple":1,"minecraft:sand":4,"minecraft:yellow_terracotta":2,"minecraft:mushroom_stew":1,"minecraft:light_gray_terracotta":3,"iceandfire:silver_axe":18,"minecraft:black_bed":1,"minecraft:bread":48,"minecraft:melon_slice":73,"minecraft:red_terracotta":4,"minecraft:oak_boat":2,"minecraft:golden_pickaxe":6,"minecraft:cobweb":18,"minecraft:stone_sword":6,"minecraft:flint_and_steel":5,"minecraft:torch":32,"minecraft:dirt":8,"iceandfire:copper_sword":4,"alexsmobs:maggot":1,"minecraft:iron_axe":49,"minecraft:golden_carrot":2,"minecraft:orange_terracotta":7,"minecraft:iron_leggings":4,"minecraft:wheat_seeds":1,"minecraft:birch_planks":3,"minecraft:brown_mushroom":1,"iceandfire:dragon_skull_lightning":2,"iceandfire:tide_bronze_helmet":1,"minecraft:cracked_stone_bricks":5,"minecraft:terracotta":28,"minecraft:crafting_table":14,"minecraft:white_bed":16,"minecraft:oak_log":1,"minecraft:iron_pickaxe":124,"iceandfire:graveyard_soil":1,"minecraft:leather_helmet":2,"minecraft:cobblestone":14,"minecraft:dark_oak_chest_boat":2,"minecraft:yellow_bed":4,"alexsmobs:animal_dictionary":3},"minecraft:killed":{"minecraft:cave_spider":2,"iceandfire:gorgon":1,"minecraft:spider":4,"minecraft:skeleton":5,"minecraft:chicken":1,"minecraft:zombie":1,"alexsmobs:roadrunner":1,"alexsmobs:fly":1,"minecraft:cow":4,"iceandfire:ghost":10},"minecraft:killed_by":{"minecraft:creeper":2,"alexsmobs:elephant":1,"iceandfire:sea_serpent":6,"iceandfire:fire_dragon":1,"minecraft:player":1,"minecraft:spider":1,"iceandfire:gorgon":2,"minecraft:skeleton":3,"alexsmobs:tarantula_hawk":1,"iceandfire:ghost":9},"minecraft:dropped":{"minecraft:iron_sword":2,"iceandfire:raw_silver":9,"minecraft:birch_planks":1,"minecraft:lapis_lazuli":6,"iceandfire:silver_axe":2,"minecraft:golden_pickaxe":2,"minecraft:leather":4,"minecraft:chest_minecart":1,"iceandfire:gorgon_head":1,"minecraft:rail":36,"minecraft:leather_helmet":2,"iceandfire:graveyard_soil":8,"minecraft:dirt":1,"alexsmobs:roadrunner_feather":2,"iceandfire:dragon_horn":3,"minecraft:gold_nugget":1,"minecraft:iron_pickaxe":2,"minecraft:dark_oak_boat":1,"minecraft:gold_ingot":80,"minecraft:gravel":1,"iceandfire:tide_bronze_helmet":1,"minecraft:rotten_flesh":4,"iceandfire:ghost_chest":1,"minecraft:beetroot_seeds":4,"minecraft:leather_boots":3,"minecraft:acacia_sapling":1,"iceandfire:bestiary":1,"minecraft:arrow":6,"iceandfire:chared_grass":1,"iceandfire:manuscript":76,"minecraft:iron_ingot":28,"minecraft:bread":5,"minecraft:wheat_seeds":1,"minecraft:iron_helmet":1,"minecraft:cobblestone":2,"iceandfire:dragon_stick":2,"minecraft:copper_ingot":1,"minecraft:coal":9,"minecraft:mushroom_stew":1,"iceandfire:copper_nugget":50,"minecraft:torch":29,"iceandfire:silver_sword":2,"minecraft:melon_slice":13,"minecraft:iron_leggings":1,"minecraft:string":1,"iceandfire:dragon_skull_fire":1,"iceandfire:dragonbone":3,"alexsmobs:acacia_blossom":4,"minecraft:bowl":1,"alexsmobs:ancient_dart":1,"iceandfire:troll_tusk":3,"minecraft:stripped_bamboo_block":1,"minecraft:flint_and_steel":1,"minecraft:filled_map":1,"minecraft:hay_block":31,"minecraft:shield":4,"iceandfire:copper_sword":1,"iceandfire:rotten_egg":1,"alexsmobs:cockroach_wing_fragment":1,"minecraft:iron_chestplate":3,"iceandfire:silver_ingot":13,"minecraft:yellow_bed":2,"minecraft:oak_sapling":1,"iceandfire:lectern":1,"minecraft:spider_eye":2,"minecraft:bow":4,"minecraft:terracotta":6}},"DataVersion":3465}