{"stats":{"minecraft:dropped":{"minecraft:iron_ingot":14,"minecraft:bread":5,"minecraft:iron_sword":2,"iceandfire:raw_silver":4,"minecraft:birch_planks":1,"minecraft:golden_pickaxe":1,"iceandfire:dragon_stick":1,"minecraft:leather":4,"minecraft:dirt":1,"iceandfire:copper_nugget":50,"iceandfire:dragon_horn":1,"minecraft:gold_nugget":1,"minecraft:string":1,"minecraft:gold_ingot":15,"iceandfire:dragonbone":1,"iceandfire:troll_tusk":3,"iceandfire:copper_sword":1,"iceandfire:rotten_egg":1,"minecraft:iron_chestplate":1,"minecraft:yellow_bed":1,"iceandfire:silver_ingot":3,"minecraft:leather_boots":2,"iceandfire:bestiary":1,"iceandfire:lectern":1,"minecraft:arrow":4,"minecraft:bow":3,"iceandfire:chared_grass":1,"iceandfire:manuscript":76},"minecraft:killed_by":{"minecraft:creeper":1,"minecraft:spider":1,"alexsmobs:elephant":1,"iceandfire:ghost":9,"iceandfire:fire_dragon":1},"minecraft:used":{"minecraft:stone_sword":6,"minecraft:flint_and_steel":3,"minecraft:chest":1,"minecraft:shield":2,"minecraft:iron_sword":61,"minecraft:mossy_stone_brick_slab":1,"minecraft:iron_chestplate":2,"minecraft:torch":2,"minecraft:dirt":1,"iceandfire:copper_sword":4,"minecraft:acacia_sapling":2,"minecraft:iron_axe":49,"minecraft:iron_helmet":1,"minecraft:hay_block":9,"minecraft:furnace":1,"minecraft:egg":4,"minecraft:iron_leggings":1,"minecraft:wheat_seeds":1,"minecraft:birch_planks":3,"minecraft:stone_pickaxe":7,"minecraft:wooden_pickaxe":9,"iceandfire:dragon_skull_lightning":1,"minecraft:cracked_stone_bricks":2,"minecraft:oak_leaves":1,"minecraft:white_wool":1,"minecraft:crafting_table":2,"minecraft:white_bed":7,"minecraft:oak_log":1,"minecraft:melon_slice":8,"minecraft:bread":23,"minecraft:iron_pickaxe":2,"iceandfire:graveyard_soil":1,"minecraft:leather_helmet":1,"minecraft:yellow_bed":2,"alexsmobs:animal_dictionary":3,"minecraft:cobweb":10},"minecraft:killed":{"minecraft:spider":1,"minecraft:skeleton":1,"minecraft:zombie":1,"iceandfire:ghost":10,"alexsmobs:fly":1,"minecraft:cow":4},"minecraft:mined":{"minecraft:white_bed":5,"iceandfire:graveyard_soil":1,"minecraft:mossy_stone_brick_slab":1,"iceandfire:copper_pile":12,"minecraft:jungle_leaves":7,"minecraft:grass_block":4,"iceandfire:lectern":1,"minecraft:oxeye_daisy":1,"iceandfire:chared_grass":1,"minecraft:large_fern":1,"minecraft:hay_block":88,"minecraft:fire":2,"minecraft:acacia_wood":1,"minecraft:pumpkin":1,"minecraft:gold_block":1,"minecraft:vine":1,"iceandfire:gold_pile":63,"minecraft:stone":6,"minecraft:bone_block":2,"iceandfire:pixie_jar_empty":2,"iceandfire:myrmex_desert_resin_glass":4,"iceandfire:podium_acacia":1,"minecraft:crafting_table":3,"minecraft:torch":1,"minecraft:melon":2,"minecraft:chest":1,"iceandfire:fire_lily":1,"minecraft:tall_grass":4,"minecraft:sugar_cane":3,"minecraft:skeleton_skull":3,"minecraft:birch_planks":3,"minecraft:birch_log":7,"minecraft:wheat":1,"minecraft:yellow_bed":2,"minecraft:grass":28,"minecraft:cobweb":7,"minecraft:cracked_stone_bricks":2,"minecraft:fern":2,"minecraft:oak_leaves":1},"minecraft:custom":{"minecraft:mob_kills":18,"minecraft:interact_with_crafting_table":19,"minecraft:time_since_death":10379,"minecraft:climb_one_cm":5900,"minecraft:sprint_one_cm":328210,"minecraft:walk_one_cm":198456,"minecraft:damage_blocked_by_shield":120,"minecraft:drop":121,"minecraft:talked_to_villager":2,"minecraft:play_time":136085,"minecraft:deaths":13,"minecraft:sneak_time":1885,"minecraft:walk_under_water_one_cm":11571,"minecraft:jump":2427,"minecraft:interact_with_brewingstand":1,"minecraft:walk_on_water_one_cm":35429,"minecraft:total_world_time":136085,"minecraft:interact_with_furnace":3,"minecraft:sleep_in_bed":14,"minecraft:time_since_rest":1641,"minecraft:damage_taken":4095,"minecraft:trigger_trapped_chest":4,"minecraft:damage_dealt":3303,"minecraft:swim_one_cm":51382,"minecraft:fly_one_cm":637325,"minecraft:open_chest":70,"minecraft:crouch_one_cm":4272,"minecraft:fall_one_cm":67120},"minecraft:picked_up":{"iceandfire:dragon_skull_lightning":1,"minecraft:crafting_table":6,"minecraft:iron_chestplate":13,"iceandfire:copper_sword":4,"minecraft:golden_pickaxe":2,"iceandfire:fire_lily":2,"minecraft:wooden_pickaxe":1,"minecraft:gold_block":1,"minecraft:wither_rose":2,"minecraft:shield":5,"iceandfire:manuscript":83,"minecraft:string":12,"minecraft:iron_axe":1,"minecraft:iron_leggings":7,"minecraft:compass":2,"iceandfire:graveyard_soil":1,"iceandfire:bestiary":4,"minecraft:cracked_stone_bricks":2,"minecraft:gold_nugget":1519,"minecraft:beef":20,"minecraft:rose_bush":6,"minecraft:jungle_sapling":1,"minecraft:iron_pickaxe":2,"minecraft:chest":3,"minecraft:melon_slice":197,"minecraft:sugar_cane":29,"iceandfire:podium_acacia":1,"minecraft:egg":2,"minecraft:stick":9,"iceandfire:ghost_chest":5,"iceandfire:dragonbone":1,"iceandfire:troll_tusk":3,"minecraft:copper_ingot":10,"iceandfire:chared_grass":1,"minecraft:torch":7,"iceandfire:rotten_egg":1,"iceandfire:blindfold":1,"iceandfire:silver_ingot":6,"minecraft:arrow":4,"minecraft:rotten_flesh":1,"minecraft:hay_block":131,"alexsmobs:emu_egg":1,"minecraft:gold_ingot":233,"minecraft:mutton":19,"minecraft:skeleton_skull":10,"minecraft:bone_block":2,"minecraft:white_wool":7,"minecraft:cobblestone":25,"minecraft:oxeye_daisy":4,"minecraft:birch_log":7,"minecraft:feather":3,"minecraft:cooked_beef":5,"minecraft:golden_carrot":27,"minecraft:leather":31,"iceandfire:myrmex_desert_resin_glass":4,"minecraft:acacia_wood":1,"minecraft:potato":41,"minecraft:birch_planks":21,"minecraft:oak_log":1,"iceandfire:ectoplasm":4,"minecraft:yellow_bed":4,"minecraft:dirt":120,"minecraft:leather_boots":1,"minecraft:bone":116,"minecraft:acacia_planks":80,"minecraft:apple":24,"iceandfire:pixie_jar_empty":2,"minecraft:bow":3,"minecraft:wheat_seeds":22,"iceandfire:dragon_stick":4,"minecraft:iron_ingot":76,"minecraft:cobweb":12,"minecraft:oak_planks":36,"minecraft:iron_sword":9,"minecraft:acacia_sapling":2,"minecraft:book":20,"iceandfire:copper_nugget":100,"iceandfire:dragon_horn":4,"minecraft:pumpkin":13,"minecraft:white_bed":8,"minecraft:mossy_stone_brick_slab":1,"alexsmobs:animal_dictionary":3,"iceandfire:lectern":3,"minecraft:iron_helmet":5,"minecraft:bread":69,"minecraft:emerald":4,"minecraft:coal":22,"iceandfire:raw_silver":12,"minecraft:oak_leaves":2},"minecraft:crafted":{"minecraft:stone_shovel":1,"minecraft:furnace":1,"minecraft:bow":1,"minecraft:iron_axe":1,"minecraft:stone_pickaxe":2,"minecraft:wheat":171,"minecraft:cooked_beef":5,"minecraft:crafting_table":1,"minecraft:wooden_pickaxe":1,"minecraft:birch_planks":28,"minecraft:bread":42,"minecraft:air":0,"minecraft:shield":1,"minecraft:stick":16,"minecraft:stone_sword":1,"minecraft:gold_ingot":62,"minecraft:acacia_planks":4}},"DataVersion":3465}