{"stats":{"minecraft:dropped":{"minecraft:iron_ingot":28,"minecraft:bread":5,"minecraft:iron_sword":2,"iceandfire:raw_silver":7,"minecraft:birch_planks":1,"minecraft:wheat_seeds":1,"minecraft:lapis_lazuli":6,"iceandfire:silver_axe":2,"minecraft:golden_pickaxe":2,"minecraft:iron_helmet":1,"minecraft:cobblestone":2,"iceandfire:dragon_stick":2,"minecraft:leather":4,"minecraft:chest_minecart":1,"minecraft:copper_ingot":1,"minecraft:leather_helmet":2,"minecraft:coal":9,"iceandfire:graveyard_soil":8,"minecraft:dirt":1,"alexsmobs:roadrunner_feather":2,"iceandfire:copper_nugget":50,"minecraft:torch":29,"iceandfire:dragon_horn":2,"minecraft:iron_leggings":1,"minecraft:gold_nugget":1,"minecraft:iron_pickaxe":2,"minecraft:string":1,"minecraft:dark_oak_boat":1,"iceandfire:dragon_skull_fire":1,"minecraft:gold_ingot":15,"iceandfire:dragonbone":3,"minecraft:gravel":1,"minecraft:rotten_flesh":4,"iceandfire:troll_tusk":3,"minecraft:hay_block":31,"iceandfire:ghost_chest":1,"iceandfire:copper_sword":1,"iceandfire:rotten_egg":1,"minecraft:iron_chestplate":3,"iceandfire:silver_ingot":3,"minecraft:yellow_bed":1,"minecraft:leather_boots":3,"iceandfire:bestiary":1,"iceandfire:lectern":1,"minecraft:spider_eye":2,"minecraft:arrow":5,"minecraft:bow":4,"iceandfire:chared_grass":1,"iceandfire:manuscript":76,"minecraft:terracotta":6},"minecraft:killed_by":{"minecraft:creeper":2,"minecraft:spider":1,"alexsmobs:elephant":1,"iceandfire:sea_serpent":6,"minecraft:skeleton":3,"alexsmobs:tarantula_hawk":1,"iceandfire:ghost":9,"iceandfire:fire_dragon":1},"minecraft:used":{"minecraft:stone_sword":6,"minecraft:flint_and_steel":3,"minecraft:chest":1,"minecraft:shield":11,"minecraft:white_terracotta":1,"minecraft:iron_sword":112,"minecraft:mossy_stone_brick_slab":1,"minecraft:iron_chestplate":3,"minecraft:torch":27,"minecraft:dirt":1,"iceandfire:copper_sword":4,"minecraft:acacia_sapling":2,"minecraft:iron_axe":49,"minecraft:iron_helmet":1,"minecraft:golden_carrot":2,"minecraft:hay_block":9,"minecraft:furnace":2,"minecraft:orange_terracotta":7,"minecraft:egg":4,"minecraft:iron_leggings":3,"minecraft:wheat_seeds":1,"minecraft:birch_planks":3,"minecraft:stone_pickaxe":7,"minecraft:oak_planks":4,"minecraft:wooden_pickaxe":9,"iceandfire:dragon_skull_lightning":1,"minecraft:oak_leaves":1,"minecraft:cracked_stone_bricks":5,"minecraft:white_wool":1,"minecraft:terracotta":28,"minecraft:sand":4,"minecraft:yellow_terracotta":2,"minecraft:crafting_table":9,"minecraft:light_gray_terracotta":3,"minecraft:white_bed":13,"iceandfire:silver_axe":18,"minecraft:oak_log":1,"minecraft:iron_pickaxe":106,"minecraft:bread":43,"minecraft:melon_slice":8,"iceandfire:graveyard_soil":1,"minecraft:leather_helmet":2,"minecraft:red_terracotta":4,"minecraft:cobblestone":8,"minecraft:yellow_bed":3,"alexsmobs:animal_dictionary":3,"minecraft:cobweb":18,"minecraft:golden_pickaxe":6},"minecraft:killed":{"minecraft:cave_spider":2,"minecraft:spider":2,"minecraft:skeleton":4,"minecraft:zombie":1,"iceandfire:ghost":10,"alexsmobs:roadrunner":1,"alexsmobs:fly":1,"minecraft:cow":4},"minecraft:mined":{"minecraft:white_bed":11,"iceandfire:graveyard_soil":1,"minecraft:mossy_stone_brick_slab":1,"iceandfire:copper_pile":12,"minecraft:jungle_leaves":7,"minecraft:red_sand":1,"minecraft:grass_block":4,"iceandfire:lectern":1,"minecraft:oxeye_daisy":1,"iceandfire:chared_grass":1,"minecraft:large_fern":1,"minecraft:hay_block":88,"minecraft:fire":2,"minecraft:acacia_wood":1,"minecraft:andesite":1,"minecraft:pumpkin":1,"minecraft:gold_block":1,"iceandfire:gold_pile":63,"minecraft:vine":5,"minecraft:stone":20,"minecraft:bone_block":2,"iceandfire:pixie_jar_empty":2,"minecraft:orange_terracotta":3,"iceandfire:podium_acacia":1,"iceandfire:myrmex_desert_resin_glass":4,"minecraft:crafting_table":6,"minecraft:torch":2,"minecraft:light_gray_terracotta":6,"minecraft:melon":2,"minecraft:chest":1,"minecraft:dead_bush":4,"iceandfire:fire_lily":1,"minecraft:tall_grass":4,"minecraft:sugar_cane":3,"minecraft:wall_torch":1,"minecraft:skeleton_skull":8,"minecraft:white_terracotta":2,"minecraft:birch_planks":3,"minecraft:red_terracotta":3,"minecraft:birch_log":7,"minecraft:wheat":1,"minecraft:yellow_bed":2,"minecraft:grass":30,"minecraft:coal_ore":37,"minecraft:sand":1,"minecraft:cobweb":16,"minecraft:cracked_stone_bricks":5,"minecraft:terracotta":21,"minecraft:stone_bricks":3,"minecraft:gold_ore":15,"minecraft:oak_leaves":3,"minecraft:fern":2},"minecraft:custom":{"minecraft:mob_kills":25,"minecraft:interact_with_crafting_table":21,"minecraft:leave_game":1,"minecraft:time_since_death":4332,"minecraft:climb_one_cm":5954,"minecraft:sprint_one_cm":521303,"minecraft:walk_one_cm":348172,"minecraft:damage_blocked_by_shield":855,"minecraft:drop":166,"minecraft:talked_to_villager":2,"minecraft:play_time":213856,"minecraft:sneak_time":3443,"minecraft:deaths":24,"minecraft:walk_under_water_one_cm":13127,"minecraft:boat_one_cm":438392,"minecraft:interact_with_brewingstand":1,"minecraft:jump":3692,"minecraft:walk_on_water_one_cm":62522,"minecraft:total_world_time":213856,"minecraft:interact_with_furnace":4,"minecraft:sleep_in_bed":16,"minecraft:time_since_rest":4366,"minecraft:damage_taken":7908,"minecraft:trigger_trapped_chest":4,"minecraft:damage_dealt":5639,"minecraft:swim_one_cm":67200,"minecraft:fly_one_cm":913563,"minecraft:open_chest":73,"minecraft:crouch_one_cm":6850,"minecraft:fall_one_cm":108043},"minecraft:picked_up":{"iceandfire:dragon_skull_lightning":1,"minecraft:iron_chestplate":20,"minecraft:crafting_table":15,"iceandfire:copper_sword":4,"minecraft:golden_pickaxe":6,"minecraft:chest_minecart":2,"iceandfire:fire_lily":2,"minecraft:wooden_pickaxe":1,"alexsmobs:roadrunner_feather":2,"minecraft:enchanted_book":1,"minecraft:wither_rose":2,"minecraft:gold_block":1,"minecraft:shield":9,"minecraft:golden_sword":3,"iceandfire:manuscript":83,"minecraft:string":53,"minecraft:iron_axe":1,"minecraft:flint_and_steel":2,"minecraft:iron_leggings":11,"minecraft:compass":6,"iceandfire:graveyard_soil":9,"minecraft:cracked_stone_bricks":5,"iceandfire:bestiary":5,"minecraft:gold_nugget":1661,"minecraft:beef":20,"minecraft:rose_bush":6,"minecraft:jungle_sapling":4,"minecraft:iron_pickaxe":8,"iceandfire:podium_acacia":1,"minecraft:melon_slice":356,"minecraft:sugar_cane":65,"minecraft:chest":3,"minecraft:furnace":1,"minecraft:egg":2,"minecraft:raw_iron":19,"minecraft:stick":10,"iceandfire:dragonbone":3,"iceandfire:ghost_chest":6,"iceandfire:troll_tusk":3,"minecraft:copper_ingot":11,"iceandfire:chared_grass":1,"minecraft:torch":284,"iceandfire:rotten_egg":1,"minecraft:dark_oak_planks":55,"iceandfire:blindfold":1,"iceandfire:silver_ingot":16,"minecraft:arrow":17,"minecraft:rotten_flesh":5,"minecraft:beetroot_seeds":4,"minecraft:hay_block":422,"minecraft:yellow_terracotta":2,"alexsmobs:emu_egg":1,"minecraft:gold_ingot":361,"minecraft:white_terracotta":1,"minecraft:mutton":70,"minecraft:glow_berries":15,"minecraft:bone_block":2,"minecraft:rail":105,"minecraft:skeleton_skull":39,"minecraft:white_wool":17,"minecraft:cobblestone":44,"minecraft:oxeye_daisy":4,"iceandfire:silver_axe":5,"minecraft:birch_log":7,"minecraft:feather":11,"minecraft:cooked_beef":5,"minecraft:golden_carrot":55,"minecraft:andesite":1,"minecraft:salmon":1,"minecraft:leather":42,"minecraft:dark_oak_boat":1,"alexsmobs:acacia_blossom":2,"iceandfire:myrmex_desert_resin_glass":4,"minecraft:acacia_wood":1,"minecraft:potato":59,"minecraft:birch_planks":21,"minecraft:filled_map":2,"minecraft:oak_log":1,"iceandfire:ectoplasm":13,"minecraft:yellow_bed":6,"minecraft:gunpowder":3,"minecraft:lapis_lazuli":6,"minecraft:dirt":243,"minecraft:name_tag":4,"minecraft:orange_terracotta":7,"minecraft:leather_boots":3,"minecraft:bone":274,"minecraft:acacia_planks":140,"minecraft:apple":40,"iceandfire:pixie_jar_empty":2,"minecraft:bow":4,"minecraft:wheat_seeds":31,"minecraft:raw_gold":32,"iceandfire:dragon_stick":9,"minecraft:iron_ingot":90,"minecraft:cobweb":20,"minecraft:mossy_stone_bricks":2,"minecraft:iron_sword":12,"minecraft:oak_planks":132,"minecraft:acacia_sapling":2,"minecraft:book":25,"iceandfire:copper_nugget":100,"iceandfire:dragon_horn":4,"minecraft:pumpkin":25,"minecraft:gravel":2,"iceandfire:dragon_skull_fire":1,"minecraft:sand":4,"minecraft:white_bed":14,"minecraft:mossy_stone_brick_slab":1,"minecraft:red_terracotta":4,"minecraft:spider_eye":3,"alexsmobs:animal_dictionary":6,"minecraft:leather_helmet":6,"minecraft:light_gray_terracotta":3,"iceandfire:lectern":3,"iceandfire:silver_sword":1,"minecraft:iron_helmet":7,"minecraft:golden_apple":2,"minecraft:emerald":4,"minecraft:bread":148,"minecraft:terracotta":46,"minecraft:dark_oak_fence":2,"minecraft:coal":139,"minecraft:oak_leaves":2,"iceandfire:raw_silver":23},"minecraft:crafted":{"minecraft:stone_shovel":1,"minecraft:furnace":1,"minecraft:bow":1,"minecraft:iron_axe":1,"minecraft:stone_pickaxe":2,"minecraft:wheat":216,"minecraft:cooked_beef":5,"minecraft:crafting_table":3,"minecraft:wooden_pickaxe":1,"minecraft:birch_planks":28,"minecraft:bread":57,"minecraft:air":0,"minecraft:white_wool":1,"minecraft:shield":1,"minecraft:stick":16,"minecraft:stone_sword":1,"minecraft:gold_ingot":62,"minecraft:acacia_planks":4,"minecraft:torch":4}},"DataVersion":3465}