{"stats":{"minecraft:dropped":{"minecraft:bread":4,"iceandfire:raw_silver":4,"minecraft:birch_planks":1,"iceandfire:troll_tusk":2,"minecraft:leather":4,"minecraft:dirt":1,"iceandfire:copper_nugget":50,"iceandfire:copper_sword":1,"iceandfire:rotten_egg":1,"iceandfire:silver_ingot":3,"minecraft:leather_boots":1,"minecraft:gold_nugget":1,"minecraft:arrow":4,"minecraft:bow":2,"minecraft:string":1,"iceandfire:dragonbone":1,"iceandfire:manuscript":64,"minecraft:gold_ingot":6},"minecraft:killed_by":{"minecraft:spider":1,"iceandfire:ghost":2,"alexsmobs:elephant":1},"minecraft:used":{"minecraft:wheat_seeds":1,"minecraft:stone_sword":6,"minecraft:birch_planks":3,"minecraft:stone_pickaxe":7,"minecraft:wooden_pickaxe":9,"minecraft:shield":2,"iceandfire:dragon_skull_lightning":1,"minecraft:cracked_stone_bricks":2,"minecraft:oak_leaves":1,"minecraft:white_wool":1,"minecraft:dirt":1,"minecraft:crafting_table":2,"iceandfire:copper_sword":4,"minecraft:white_bed":5,"minecraft:acacia_sapling":2,"minecraft:bread":19,"minecraft:iron_axe":49,"iceandfire:graveyard_soil":1,"minecraft:leather_helmet":1,"minecraft:hay_block":9,"minecraft:egg":4,"minecraft:cobweb":10},"minecraft:killed":{"minecraft:spider":1,"minecraft:skeleton":1,"minecraft:zombie":1,"iceandfire:ghost":1,"alexsmobs:fly":1,"minecraft:cow":4},"minecraft:mined":{"iceandfire:pixie_jar_empty":2,"minecraft:white_bed":4,"iceandfire:graveyard_soil":1,"iceandfire:copper_pile":12,"iceandfire:myrmex_desert_resin_glass":4,"iceandfire:podium_acacia":1,"minecraft:crafting_table":3,"minecraft:grass_block":4,"minecraft:melon":2,"iceandfire:lectern":1,"iceandfire:fire_lily":1,"minecraft:tall_grass":4,"minecraft:sugar_cane":3,"minecraft:oxeye_daisy":1,"minecraft:large_fern":1,"minecraft:skeleton_skull":3,"minecraft:hay_block":88,"minecraft:birch_planks":3,"minecraft:birch_log":7,"minecraft:acacia_wood":1,"minecraft:wheat":1,"minecraft:pumpkin":1,"minecraft:grass":22,"iceandfire:gold_pile":4,"minecraft:cobweb":7,"minecraft:cracked_stone_bricks":2,"minecraft:stone":6,"minecraft:bone_block":2,"minecraft:oak_leaves":1},"minecraft:custom":{"minecraft:mob_kills":9,"minecraft:interact_with_crafting_table":14,"minecraft:time_since_death":51790,"minecraft:sleep_in_bed":11,"minecraft:time_since_rest":1301,"minecraft:sprint_one_cm":220937,"minecraft:damage_taken":1569,"minecraft:walk_one_cm":137457,"minecraft:damage_blocked_by_shield":120,"minecraft:trigger_trapped_chest":1,"minecraft:drop":103,"minecraft:damage_dealt":1034,"minecraft:swim_one_cm":33986,"minecraft:talked_to_villager":2,"minecraft:fly_one_cm":413207,"minecraft:open_chest":41,"minecraft:crouch_one_cm":1197,"minecraft:play_time":88085,"minecraft:deaths":4,"minecraft:sneak_time":701,"minecraft:walk_under_water_one_cm":6883,"minecraft:interact_with_brewingstand":1,"minecraft:jump":1498,"minecraft:walk_on_water_one_cm":18609,"minecraft:total_world_time":88085,"minecraft:fall_one_cm":40035},"minecraft:picked_up":{"minecraft:birch_log":7,"iceandfire:dragon_skull_lightning":1,"minecraft:crafting_table":5,"minecraft:feather":3,"iceandfire:copper_sword":4,"iceandfire:fire_lily":2,"minecraft:leather":20,"iceandfire:myrmex_desert_resin_glass":4,"minecraft:wooden_pickaxe":1,"minecraft:acacia_wood":1,"minecraft:birch_planks":21,"iceandfire:ectoplasm":4,"minecraft:yellow_bed":1,"minecraft:shield":1,"iceandfire:manuscript":49,"minecraft:string":12,"minecraft:dirt":25,"minecraft:iron_axe":1,"minecraft:bone":24,"minecraft:cracked_stone_bricks":2,"iceandfire:pixie_jar_empty":2,"iceandfire:bestiary":1,"iceandfire:graveyard_soil":1,"minecraft:bow":1,"minecraft:gold_nugget":41,"minecraft:wheat_seeds":21,"minecraft:beef":15,"minecraft:iron_ingot":10,"minecraft:cobweb":12,"minecraft:melon_slice":22,"minecraft:sugar_cane":20,"iceandfire:podium_acacia":1,"minecraft:acacia_sapling":2,"minecraft:egg":2,"minecraft:stick":4,"iceandfire:dragonbone":1,"iceandfire:copper_nugget":100,"iceandfire:ghost_chest":3,"iceandfire:troll_tusk":1,"minecraft:pumpkin":1,"minecraft:torch":2,"iceandfire:rotten_egg":1,"minecraft:white_bed":5,"alexsmobs:animal_dictionary":1,"iceandfire:blindfold":1,"iceandfire:silver_ingot":6,"minecraft:arrow":4,"minecraft:rotten_flesh":1,"iceandfire:lectern":1,"minecraft:hay_block":131,"minecraft:mutton":2,"alexsmobs:emu_egg":1,"minecraft:emerald":4,"minecraft:gold_ingot":4,"minecraft:bread":20,"minecraft:white_wool":1,"minecraft:bone_block":2,"minecraft:cobblestone":6,"minecraft:skeleton_skull":4,"minecraft:oak_leaves":2,"iceandfire:raw_silver":6,"minecraft:oxeye_daisy":4},"minecraft:crafted":{"minecraft:stone_shovel":1,"minecraft:crafting_table":1,"minecraft:wooden_pickaxe":1,"minecraft:birch_planks":28,"minecraft:bread":42,"minecraft:bow":1,"minecraft:shield":1,"minecraft:iron_axe":1,"minecraft:stick":16,"minecraft:stone_pickaxe":2,"minecraft:stone_sword":1,"minecraft:gold_ingot":4,"minecraft:acacia_planks":4,"minecraft:wheat":171}},"DataVersion":3465}