{"stats":{"minecraft:dropped":{"minecraft:bread":3,"iceandfire:raw_silver":4,"minecraft:leather":4,"minecraft:dirt":1,"iceandfire:copper_nugget":50,"iceandfire:copper_sword":1,"iceandfire:rotten_egg":1,"iceandfire:silver_ingot":3,"minecraft:arrow":4,"minecraft:bow":2,"minecraft:string":1,"iceandfire:dragonbone":1,"iceandfire:manuscript":22,"minecraft:gold_ingot":2},"minecraft:killed_by":{"minecraft:spider":1,"iceandfire:ghost":2,"alexsmobs:elephant":1},"minecraft:used":{"minecraft:wheat_seeds":1,"minecraft:stone_sword":6,"minecraft:birch_planks":3,"minecraft:wooden_pickaxe":9,"minecraft:shield":2,"iceandfire:dragon_skull_lightning":1,"minecraft:oak_leaves":1,"minecraft:dirt":1,"minecraft:crafting_table":2,"iceandfire:copper_sword":3,"minecraft:white_bed":3,"minecraft:bread":15,"minecraft:iron_axe":49,"iceandfire:graveyard_soil":1,"minecraft:hay_block":9,"minecraft:egg":4,"minecraft:cobweb":10},"minecraft:killed":{"minecraft:spider":1,"minecraft:skeleton":1,"minecraft:zombie":1,"iceandfire:ghost":1,"alexsmobs:fly":1,"minecraft:cow":4},"minecraft:mined":{"iceandfire:pixie_jar_empty":1,"minecraft:white_bed":3,"iceandfire:graveyard_soil":1,"iceandfire:copper_pile":6,"iceandfire:myrmex_desert_resin_glass":4,"iceandfire:podium_acacia":1,"minecraft:crafting_table":3,"minecraft:grass_block":4,"minecraft:melon":2,"iceandfire:lectern":1,"iceandfire:fire_lily":1,"minecraft:tall_grass":4,"minecraft:sugar_cane":3,"minecraft:oxeye_daisy":1,"minecraft:skeleton_skull":1,"minecraft:hay_block":86,"minecraft:birch_planks":3,"minecraft:birch_log":7,"minecraft:acacia_wood":1,"minecraft:wheat":1,"minecraft:pumpkin":1,"minecraft:grass":17,"minecraft:cobweb":6,"minecraft:stone":6,"minecraft:oak_leaves":1},"minecraft:custom":{"minecraft:mob_kills":9,"minecraft:interact_with_crafting_table":12,"minecraft:time_since_death":27790,"minecraft:sleep_in_bed":8,"minecraft:time_since_rest":3466,"minecraft:sprint_one_cm":167406,"minecraft:damage_taken":1501,"minecraft:walk_one_cm":95907,"minecraft:damage_blocked_by_shield":120,"minecraft:trigger_trapped_chest":1,"minecraft:drop":92,"minecraft:damage_dealt":1034,"minecraft:swim_one_cm":30347,"minecraft:fly_one_cm":306774,"minecraft:open_chest":26,"minecraft:crouch_one_cm":134,"minecraft:play_time":64085,"minecraft:deaths":4,"minecraft:sneak_time":166,"minecraft:walk_under_water_one_cm":2385,"minecraft:jump":1134,"minecraft:walk_on_water_one_cm":16746,"minecraft:total_world_time":64085,"minecraft:fall_one_cm":32052},"minecraft:picked_up":{"minecraft:birch_log":7,"iceandfire:dragon_skull_lightning":1,"minecraft:crafting_table":5,"minecraft:feather":3,"iceandfire:copper_sword":4,"iceandfire:fire_lily":2,"minecraft:leather":20,"iceandfire:myrmex_desert_resin_glass":4,"minecraft:wooden_pickaxe":1,"minecraft:acacia_wood":1,"minecraft:birch_planks":20,"iceandfire:ectoplasm":4,"minecraft:yellow_bed":1,"minecraft:shield":1,"iceandfire:manuscript":27,"minecraft:string":11,"minecraft:dirt":25,"minecraft:iron_axe":1,"minecraft:bone":20,"iceandfire:pixie_jar_empty":1,"iceandfire:bestiary":1,"iceandfire:graveyard_soil":1,"minecraft:bow":1,"minecraft:gold_nugget":2,"minecraft:wheat_seeds":13,"minecraft:beef":15,"minecraft:iron_ingot":10,"minecraft:cobweb":12,"minecraft:melon_slice":22,"minecraft:sugar_cane":20,"iceandfire:podium_acacia":1,"minecraft:egg":2,"iceandfire:dragonbone":1,"iceandfire:copper_nugget":50,"iceandfire:ghost_chest":2,"minecraft:pumpkin":1,"minecraft:torch":2,"iceandfire:rotten_egg":1,"minecraft:white_bed":4,"alexsmobs:animal_dictionary":1,"iceandfire:blindfold":1,"iceandfire:silver_ingot":6,"minecraft:arrow":4,"minecraft:rotten_flesh":1,"iceandfire:lectern":1,"minecraft:hay_block":128,"alexsmobs:emu_egg":1,"minecraft:emerald":4,"minecraft:gold_ingot":4,"minecraft:bread":19,"minecraft:cobblestone":6,"minecraft:skeleton_skull":2,"minecraft:oak_leaves":2,"iceandfire:raw_silver":6,"minecraft:oxeye_daisy":4},"minecraft:crafted":{"minecraft:stone_shovel":1,"minecraft:crafting_table":1,"minecraft:wooden_pickaxe":1,"minecraft:birch_planks":28,"minecraft:bread":42,"minecraft:bow":1,"minecraft:shield":1,"minecraft:iron_axe":1,"minecraft:stick":16,"minecraft:stone_pickaxe":1,"minecraft:stone_sword":1,"minecraft:acacia_planks":4,"minecraft:wheat":171}},"DataVersion":3465}