{"stats":{"minecraft:dropped":{"minecraft:bread":5,"minecraft:iron_sword":1,"iceandfire:raw_silver":4,"minecraft:birch_planks":1,"minecraft:leather":4,"minecraft:dirt":1,"iceandfire:copper_nugget":50,"minecraft:gold_nugget":1,"minecraft:string":1,"minecraft:gold_ingot":6,"iceandfire:dragonbone":1,"iceandfire:troll_tusk":2,"iceandfire:copper_sword":1,"iceandfire:rotten_egg":1,"iceandfire:silver_ingot":3,"minecraft:leather_boots":1,"minecraft:arrow":4,"minecraft:bow":2,"iceandfire:chared_grass":1,"iceandfire:manuscript":64},"minecraft:killed_by":{"minecraft:spider":1,"alexsmobs:elephant":1,"iceandfire:ghost":8,"iceandfire:fire_dragon":1},"minecraft:used":{"minecraft:stone_sword":6,"minecraft:shield":2,"minecraft:iron_sword":54,"minecraft:iron_chestplate":2,"minecraft:torch":1,"minecraft:dirt":1,"iceandfire:copper_sword":4,"minecraft:acacia_sapling":2,"minecraft:iron_axe":49,"minecraft:iron_helmet":1,"minecraft:hay_block":9,"minecraft:egg":4,"minecraft:iron_leggings":1,"minecraft:wheat_seeds":1,"minecraft:birch_planks":3,"minecraft:stone_pickaxe":7,"minecraft:wooden_pickaxe":9,"iceandfire:dragon_skull_lightning":1,"minecraft:cracked_stone_bricks":2,"minecraft:oak_leaves":1,"minecraft:white_wool":1,"minecraft:crafting_table":2,"minecraft:white_bed":5,"minecraft:oak_log":1,"minecraft:melon_slice":3,"minecraft:bread":23,"iceandfire:graveyard_soil":1,"minecraft:leather_helmet":1,"minecraft:yellow_bed":2,"minecraft:cobweb":10},"minecraft:killed":{"minecraft:spider":1,"minecraft:skeleton":1,"minecraft:zombie":1,"iceandfire:ghost":10,"alexsmobs:fly":1,"minecraft:cow":4},"minecraft:mined":{"minecraft:white_bed":4,"iceandfire:graveyard_soil":1,"iceandfire:copper_pile":12,"minecraft:jungle_leaves":1,"minecraft:grass_block":4,"iceandfire:lectern":1,"minecraft:oxeye_daisy":1,"iceandfire:chared_grass":1,"minecraft:large_fern":1,"minecraft:hay_block":88,"minecraft:acacia_wood":1,"minecraft:pumpkin":1,"iceandfire:gold_pile":63,"minecraft:stone":6,"minecraft:bone_block":2,"iceandfire:pixie_jar_empty":2,"iceandfire:myrmex_desert_resin_glass":4,"iceandfire:podium_acacia":1,"minecraft:crafting_table":3,"minecraft:melon":2,"minecraft:chest":1,"iceandfire:fire_lily":1,"minecraft:tall_grass":4,"minecraft:sugar_cane":3,"minecraft:skeleton_skull":3,"minecraft:birch_planks":3,"minecraft:birch_log":7,"minecraft:wheat":1,"minecraft:yellow_bed":2,"minecraft:grass":23,"minecraft:cobweb":7,"minecraft:cracked_stone_bricks":2,"minecraft:oak_leaves":1},"minecraft:custom":{"minecraft:mob_kills":18,"minecraft:interact_with_crafting_table":15,"minecraft:time_since_death":5694,"minecraft:climb_one_cm":2986,"minecraft:sprint_one_cm":301741,"minecraft:walk_one_cm":174541,"minecraft:damage_blocked_by_shield":120,"minecraft:drop":106,"minecraft:talked_to_villager":2,"minecraft:play_time":112085,"minecraft:deaths":11,"minecraft:sneak_time":912,"minecraft:walk_under_water_one_cm":11338,"minecraft:jump":2189,"minecraft:interact_with_brewingstand":1,"minecraft:walk_on_water_one_cm":32556,"minecraft:total_world_time":112085,"minecraft:sleep_in_bed":12,"minecraft:time_since_rest":1189,"minecraft:damage_taken":3504,"minecraft:trigger_trapped_chest":4,"minecraft:damage_dealt":3238,"minecraft:swim_one_cm":46660,"minecraft:fly_one_cm":606399,"minecraft:open_chest":59,"minecraft:crouch_one_cm":1940,"minecraft:fall_one_cm":61205},"minecraft:picked_up":{"iceandfire:dragon_skull_lightning":1,"minecraft:crafting_table":5,"minecraft:iron_chestplate":11,"iceandfire:copper_sword":4,"minecraft:golden_pickaxe":2,"iceandfire:fire_lily":2,"minecraft:wooden_pickaxe":1,"minecraft:wither_rose":1,"minecraft:shield":2,"iceandfire:manuscript":83,"minecraft:string":12,"minecraft:iron_axe":1,"minecraft:iron_leggings":6,"minecraft:compass":2,"iceandfire:graveyard_soil":1,"iceandfire:bestiary":3,"minecraft:cracked_stone_bricks":2,"minecraft:gold_nugget":1488,"minecraft:beef":20,"minecraft:rose_bush":5,"minecraft:iron_pickaxe":1,"minecraft:chest":1,"minecraft:melon_slice":144,"minecraft:sugar_cane":20,"iceandfire:podium_acacia":1,"minecraft:egg":2,"minecraft:stick":4,"iceandfire:ghost_chest":3,"iceandfire:dragonbone":1,"iceandfire:troll_tusk":3,"minecraft:copper_ingot":10,"iceandfire:chared_grass":1,"minecraft:torch":6,"iceandfire:rotten_egg":1,"iceandfire:blindfold":1,"iceandfire:silver_ingot":6,"minecraft:arrow":4,"minecraft:rotten_flesh":1,"minecraft:hay_block":131,"alexsmobs:emu_egg":1,"minecraft:gold_ingot":114,"minecraft:mutton":19,"minecraft:skeleton_skull":4,"minecraft:bone_block":2,"minecraft:white_wool":3,"minecraft:cobblestone":24,"minecraft:oxeye_daisy":4,"minecraft:birch_log":7,"minecraft:feather":3,"minecraft:golden_carrot":18,"minecraft:leather":20,"iceandfire:myrmex_desert_resin_glass":4,"minecraft:acacia_wood":1,"minecraft:potato":41,"minecraft:birch_planks":21,"minecraft:oak_log":1,"iceandfire:ectoplasm":4,"minecraft:yellow_bed":3,"minecraft:dirt":79,"minecraft:bone":93,"minecraft:acacia_planks":40,"minecraft:apple":24,"iceandfire:pixie_jar_empty":2,"minecraft:bow":1,"minecraft:wheat_seeds":21,"iceandfire:dragon_stick":3,"minecraft:iron_ingot":62,"minecraft:cobweb":12,"minecraft:iron_sword":6,"minecraft:acacia_sapling":2,"minecraft:book":20,"iceandfire:copper_nugget":100,"iceandfire:dragon_horn":2,"minecraft:pumpkin":9,"minecraft:white_bed":5,"alexsmobs:animal_dictionary":3,"iceandfire:lectern":3,"minecraft:iron_helmet":5,"minecraft:bread":40,"minecraft:emerald":4,"minecraft:coal":22,"iceandfire:raw_silver":10,"minecraft:oak_leaves":2},"minecraft:crafted":{"minecraft:stone_shovel":1,"minecraft:bow":1,"minecraft:iron_axe":1,"minecraft:stone_pickaxe":2,"minecraft:wheat":171,"minecraft:crafting_table":1,"minecraft:wooden_pickaxe":1,"minecraft:birch_planks":28,"minecraft:bread":42,"minecraft:shield":1,"minecraft:stick":16,"minecraft:stone_sword":1,"minecraft:gold_ingot":53,"minecraft:acacia_planks":4}},"DataVersion":3465}