{"stats":{"minecraft:dropped":{"minecraft:bread":5,"iceandfire:raw_silver":4,"minecraft:birch_planks":1,"minecraft:leather":4,"minecraft:dirt":1,"iceandfire:copper_nugget":50,"minecraft:gold_nugget":1,"minecraft:string":1,"minecraft:gold_ingot":6,"iceandfire:dragonbone":1,"iceandfire:troll_tusk":2,"iceandfire:copper_sword":1,"iceandfire:rotten_egg":1,"iceandfire:silver_ingot":3,"minecraft:leather_boots":1,"minecraft:arrow":4,"minecraft:bow":2,"iceandfire:manuscript":64},"minecraft:killed_by":{"minecraft:spider":1,"alexsmobs:elephant":1,"iceandfire:ghost":3,"iceandfire:fire_dragon":1},"minecraft:used":{"minecraft:stone_sword":6,"minecraft:shield":2,"minecraft:iron_sword":5,"minecraft:iron_chestplate":1,"minecraft:dirt":1,"iceandfire:copper_sword":4,"minecraft:acacia_sapling":2,"minecraft:iron_axe":49,"minecraft:iron_helmet":1,"minecraft:hay_block":9,"minecraft:egg":4,"minecraft:wheat_seeds":1,"minecraft:birch_planks":3,"minecraft:stone_pickaxe":7,"minecraft:wooden_pickaxe":9,"iceandfire:dragon_skull_lightning":1,"minecraft:cracked_stone_bricks":2,"minecraft:oak_leaves":1,"minecraft:white_wool":1,"minecraft:crafting_table":2,"minecraft:white_bed":5,"minecraft:oak_log":1,"minecraft:bread":22,"iceandfire:graveyard_soil":1,"minecraft:leather_helmet":1,"minecraft:yellow_bed":2,"minecraft:cobweb":10},"minecraft:killed":{"minecraft:spider":1,"minecraft:skeleton":1,"minecraft:zombie":1,"iceandfire:ghost":1,"alexsmobs:fly":1,"minecraft:cow":4},"minecraft:mined":{"minecraft:white_bed":4,"iceandfire:graveyard_soil":1,"iceandfire:copper_pile":12,"minecraft:grass_block":4,"iceandfire:lectern":1,"minecraft:oxeye_daisy":1,"minecraft:large_fern":1,"minecraft:hay_block":88,"minecraft:acacia_wood":1,"minecraft:pumpkin":1,"iceandfire:gold_pile":63,"minecraft:stone":6,"minecraft:bone_block":2,"iceandfire:pixie_jar_empty":2,"iceandfire:myrmex_desert_resin_glass":4,"iceandfire:podium_acacia":1,"minecraft:crafting_table":3,"minecraft:melon":2,"iceandfire:fire_lily":1,"minecraft:tall_grass":4,"minecraft:sugar_cane":3,"minecraft:skeleton_skull":3,"minecraft:birch_planks":3,"minecraft:birch_log":7,"minecraft:wheat":1,"minecraft:yellow_bed":2,"minecraft:grass":22,"minecraft:cobweb":7,"minecraft:cracked_stone_bricks":2,"minecraft:oak_leaves":1},"minecraft:custom":{"minecraft:mob_kills":9,"minecraft:interact_with_crafting_table":14,"minecraft:time_since_death":709,"minecraft:sprint_one_cm":275191,"minecraft:walk_one_cm":152562,"minecraft:damage_blocked_by_shield":120,"minecraft:drop":104,"minecraft:talked_to_villager":2,"minecraft:play_time":100085,"minecraft:deaths":6,"minecraft:sneak_time":847,"minecraft:walk_under_water_one_cm":7026,"minecraft:jump":1946,"minecraft:interact_with_brewingstand":1,"minecraft:walk_on_water_one_cm":22139,"minecraft:total_world_time":100085,"minecraft:sleep_in_bed":11,"minecraft:time_since_rest":742,"minecraft:damage_taken":2044,"minecraft:trigger_trapped_chest":2,"minecraft:damage_dealt":1260,"minecraft:swim_one_cm":34489,"minecraft:fly_one_cm":557343,"minecraft:open_chest":53,"minecraft:crouch_one_cm":1818,"minecraft:fall_one_cm":56459},"minecraft:picked_up":{"iceandfire:dragon_skull_lightning":1,"minecraft:crafting_table":5,"minecraft:iron_chestplate":2,"iceandfire:copper_sword":4,"iceandfire:fire_lily":2,"minecraft:wooden_pickaxe":1,"minecraft:shield":1,"iceandfire:manuscript":49,"minecraft:string":12,"minecraft:iron_axe":1,"iceandfire:graveyard_soil":1,"iceandfire:bestiary":1,"minecraft:cracked_stone_bricks":2,"minecraft:gold_nugget":985,"minecraft:beef":15,"minecraft:rose_bush":2,"minecraft:melon_slice":22,"minecraft:sugar_cane":20,"iceandfire:podium_acacia":1,"minecraft:egg":2,"minecraft:stick":4,"iceandfire:ghost_chest":3,"iceandfire:dragonbone":1,"iceandfire:troll_tusk":1,"minecraft:torch":2,"iceandfire:rotten_egg":1,"iceandfire:blindfold":1,"iceandfire:silver_ingot":6,"minecraft:arrow":4,"minecraft:rotten_flesh":1,"minecraft:hay_block":131,"alexsmobs:emu_egg":1,"minecraft:gold_ingot":4,"minecraft:mutton":2,"minecraft:skeleton_skull":4,"minecraft:bone_block":2,"minecraft:white_wool":1,"minecraft:cobblestone":6,"minecraft:oxeye_daisy":4,"minecraft:birch_log":7,"minecraft:feather":3,"minecraft:leather":20,"iceandfire:myrmex_desert_resin_glass":4,"minecraft:acacia_wood":1,"minecraft:birch_planks":21,"minecraft:oak_log":1,"iceandfire:ectoplasm":4,"minecraft:yellow_bed":3,"minecraft:dirt":25,"minecraft:bone":24,"iceandfire:pixie_jar_empty":2,"minecraft:bow":1,"minecraft:wheat_seeds":21,"minecraft:iron_ingot":22,"minecraft:cobweb":12,"minecraft:iron_sword":1,"minecraft:acacia_sapling":2,"minecraft:book":5,"iceandfire:copper_nugget":100,"minecraft:pumpkin":1,"minecraft:white_bed":5,"alexsmobs:animal_dictionary":1,"iceandfire:lectern":1,"minecraft:iron_helmet":2,"minecraft:bread":27,"minecraft:emerald":4,"iceandfire:raw_silver":6,"minecraft:oak_leaves":2},"minecraft:crafted":{"minecraft:stone_shovel":1,"minecraft:bow":1,"minecraft:iron_axe":1,"minecraft:stone_pickaxe":2,"minecraft:wheat":171,"minecraft:crafting_table":1,"minecraft:wooden_pickaxe":1,"minecraft:birch_planks":28,"minecraft:bread":42,"minecraft:shield":1,"minecraft:stick":16,"minecraft:stone_sword":1,"minecraft:gold_ingot":4,"minecraft:acacia_planks":4}},"DataVersion":3465}