{"stats":{"minecraft:dropped":{"minecraft:iron_ingot":14,"minecraft:bread":5,"minecraft:iron_sword":2,"iceandfire:raw_silver":4,"minecraft:birch_planks":1,"minecraft:wheat_seeds":1,"iceandfire:silver_axe":1,"minecraft:golden_pickaxe":1,"iceandfire:dragon_stick":2,"minecraft:leather":4,"minecraft:leather_helmet":2,"minecraft:dirt":1,"alexsmobs:roadrunner_feather":2,"iceandfire:copper_nugget":50,"iceandfire:dragon_horn":2,"minecraft:iron_leggings":1,"minecraft:gold_nugget":1,"minecraft:string":1,"iceandfire:dragon_skull_fire":1,"minecraft:gold_ingot":15,"iceandfire:dragonbone":3,"iceandfire:troll_tusk":3,"minecraft:hay_block":31,"iceandfire:copper_sword":1,"iceandfire:rotten_egg":1,"minecraft:iron_chestplate":1,"minecraft:yellow_bed":1,"iceandfire:silver_ingot":3,"minecraft:leather_boots":2,"iceandfire:bestiary":1,"iceandfire:lectern":1,"minecraft:arrow":4,"minecraft:bow":3,"iceandfire:chared_grass":1,"iceandfire:manuscript":76},"minecraft:killed_by":{"minecraft:creeper":1,"minecraft:spider":1,"alexsmobs:elephant":1,"alexsmobs:tarantula_hawk":1,"iceandfire:ghost":9,"iceandfire:fire_dragon":1},"minecraft:used":{"minecraft:stone_sword":6,"minecraft:flint_and_steel":3,"minecraft:chest":1,"minecraft:shield":2,"minecraft:iron_sword":72,"minecraft:mossy_stone_brick_slab":1,"minecraft:iron_chestplate":3,"minecraft:torch":2,"minecraft:dirt":1,"iceandfire:copper_sword":4,"minecraft:acacia_sapling":2,"minecraft:iron_axe":49,"minecraft:iron_helmet":1,"minecraft:hay_block":9,"minecraft:furnace":1,"minecraft:egg":4,"minecraft:iron_leggings":3,"minecraft:wheat_seeds":1,"minecraft:birch_planks":3,"minecraft:stone_pickaxe":7,"minecraft:wooden_pickaxe":9,"iceandfire:dragon_skull_lightning":1,"minecraft:cracked_stone_bricks":4,"minecraft:oak_leaves":1,"minecraft:white_wool":1,"minecraft:crafting_table":4,"minecraft:white_bed":11,"minecraft:oak_log":1,"minecraft:melon_slice":8,"minecraft:bread":29,"minecraft:iron_pickaxe":5,"iceandfire:graveyard_soil":1,"minecraft:leather_helmet":2,"minecraft:yellow_bed":2,"alexsmobs:animal_dictionary":3,"minecraft:cobweb":12},"minecraft:killed":{"minecraft:spider":1,"minecraft:skeleton":1,"minecraft:zombie":1,"iceandfire:ghost":10,"alexsmobs:roadrunner":1,"alexsmobs:fly":1,"minecraft:cow":4},"minecraft:mined":{"minecraft:white_bed":9,"iceandfire:graveyard_soil":1,"minecraft:mossy_stone_brick_slab":1,"iceandfire:copper_pile":12,"minecraft:jungle_leaves":7,"minecraft:red_sand":1,"minecraft:grass_block":4,"iceandfire:lectern":1,"minecraft:oxeye_daisy":1,"iceandfire:chared_grass":1,"minecraft:large_fern":1,"minecraft:hay_block":88,"minecraft:fire":2,"minecraft:acacia_wood":1,"minecraft:pumpkin":1,"minecraft:gold_block":1,"minecraft:vine":1,"iceandfire:gold_pile":63,"minecraft:stone":6,"minecraft:bone_block":2,"iceandfire:pixie_jar_empty":2,"iceandfire:myrmex_desert_resin_glass":4,"iceandfire:podium_acacia":1,"minecraft:crafting_table":4,"minecraft:torch":1,"minecraft:melon":2,"minecraft:chest":1,"minecraft:dead_bush":4,"iceandfire:fire_lily":1,"minecraft:tall_grass":4,"minecraft:sugar_cane":3,"minecraft:skeleton_skull":5,"minecraft:birch_planks":3,"minecraft:birch_log":7,"minecraft:wheat":1,"minecraft:yellow_bed":2,"minecraft:grass":28,"minecraft:cobweb":9,"minecraft:cracked_stone_bricks":4,"minecraft:fern":2,"minecraft:oak_leaves":3},"minecraft:custom":{"minecraft:mob_kills":19,"minecraft:interact_with_crafting_table":20,"minecraft:time_since_death":14696,"minecraft:climb_one_cm":5900,"minecraft:sprint_one_cm":388025,"minecraft:walk_one_cm":221883,"minecraft:damage_blocked_by_shield":120,"minecraft:drop":133,"minecraft:talked_to_villager":2,"minecraft:play_time":154085,"minecraft:deaths":14,"minecraft:sneak_time":2225,"minecraft:walk_under_water_one_cm":11571,"minecraft:jump":3041,"minecraft:interact_with_brewingstand":1,"minecraft:walk_on_water_one_cm":36516,"minecraft:total_world_time":154085,"minecraft:interact_with_furnace":3,"minecraft:sleep_in_bed":15,"minecraft:time_since_rest":6651,"minecraft:damage_taken":4404,"minecraft:trigger_trapped_chest":4,"minecraft:damage_dealt":3511,"minecraft:swim_one_cm":51382,"minecraft:fly_one_cm":779735,"minecraft:open_chest":70,"minecraft:crouch_one_cm":4950,"minecraft:fall_one_cm":87587},"minecraft:picked_up":{"iceandfire:dragon_skull_lightning":1,"minecraft:crafting_table":7,"minecraft:iron_chestplate":14,"iceandfire:copper_sword":4,"minecraft:golden_pickaxe":3,"iceandfire:fire_lily":2,"minecraft:wooden_pickaxe":1,"alexsmobs:roadrunner_feather":2,"minecraft:gold_block":1,"minecraft:wither_rose":2,"minecraft:golden_sword":1,"minecraft:shield":6,"iceandfire:manuscript":83,"minecraft:string":14,"minecraft:iron_axe":1,"minecraft:iron_leggings":9,"minecraft:compass":2,"iceandfire:graveyard_soil":1,"iceandfire:bestiary":4,"minecraft:cracked_stone_bricks":4,"minecraft:gold_nugget":1550,"minecraft:beef":20,"minecraft:rose_bush":6,"minecraft:jungle_sapling":2,"minecraft:iron_pickaxe":3,"minecraft:chest":3,"minecraft:melon_slice":197,"minecraft:sugar_cane":38,"iceandfire:podium_acacia":1,"minecraft:furnace":1,"minecraft:egg":2,"minecraft:stick":10,"iceandfire:ghost_chest":5,"iceandfire:dragonbone":3,"iceandfire:troll_tusk":3,"minecraft:copper_ingot":10,"iceandfire:chared_grass":1,"minecraft:torch":7,"iceandfire:rotten_egg":1,"iceandfire:blindfold":1,"iceandfire:silver_ingot":6,"minecraft:arrow":4,"minecraft:rotten_flesh":1,"minecraft:hay_block":223,"alexsmobs:emu_egg":1,"minecraft:gold_ingot":233,"iceandfire:silver_axe":1,"minecraft:mutton":19,"minecraft:skeleton_skull":15,"minecraft:bone_block":2,"minecraft:white_wool":9,"minecraft:cobblestone":26,"minecraft:oxeye_daisy":4,"minecraft:birch_log":7,"minecraft:feather":3,"minecraft:cooked_beef":5,"minecraft:golden_carrot":27,"minecraft:leather":31,"iceandfire:myrmex_desert_resin_glass":4,"minecraft:acacia_wood":1,"minecraft:potato":41,"minecraft:birch_planks":21,"minecraft:oak_log":1,"iceandfire:ectoplasm":4,"minecraft:yellow_bed":4,"minecraft:dirt":161,"minecraft:leather_boots":1,"minecraft:bone":139,"minecraft:acacia_planks":100,"minecraft:apple":24,"iceandfire:pixie_jar_empty":2,"minecraft:bow":3,"minecraft:wheat_seeds":22,"iceandfire:dragon_stick":5,"minecraft:iron_ingot":90,"minecraft:cobweb":14,"minecraft:oak_planks":72,"minecraft:iron_sword":10,"minecraft:acacia_sapling":2,"minecraft:book":20,"iceandfire:copper_nugget":100,"iceandfire:dragon_horn":4,"minecraft:pumpkin":17,"iceandfire:dragon_skull_fire":1,"minecraft:white_bed":12,"minecraft:mossy_stone_brick_slab":1,"alexsmobs:animal_dictionary":3,"minecraft:leather_helmet":3,"iceandfire:lectern":3,"minecraft:iron_helmet":5,"minecraft:bread":84,"minecraft:emerald":4,"minecraft:coal":32,"iceandfire:raw_silver":14,"minecraft:oak_leaves":2},"minecraft:crafted":{"minecraft:stone_shovel":1,"minecraft:furnace":1,"minecraft:bow":1,"minecraft:iron_axe":1,"minecraft:stone_pickaxe":2,"minecraft:wheat":216,"minecraft:cooked_beef":5,"minecraft:crafting_table":2,"minecraft:wooden_pickaxe":1,"minecraft:birch_planks":28,"minecraft:bread":57,"minecraft:air":0,"minecraft:shield":1,"minecraft:stick":16,"minecraft:stone_sword":1,"minecraft:gold_ingot":62,"minecraft:acacia_planks":4}},"DataVersion":3465}