{"stats":{"minecraft:dropped":{"iceandfire:rotten_egg":1},"minecraft:used":{"minecraft:egg":2},"minecraft:mined":{"minecraft:birch_log":1},"minecraft:custom":{"minecraft:jump":47,"minecraft:time_since_rest":4085,"minecraft:sprint_one_cm":12760,"minecraft:play_time":4085,"minecraft:damage_taken":40,"minecraft:time_since_death":4085,"minecraft:walk_one_cm":4310,"minecraft:sneak_time":5,"minecraft:total_world_time":4085,"minecraft:drop":1,"minecraft:fall_one_cm":1077,"minecraft:fly_one_cm":9582},"minecraft:picked_up":{"minecraft:iron_ingot":4,"iceandfire:rotten_egg":1,"minecraft:birch_log":1,"minecraft:egg":2},"minecraft:crafted":{"minecraft:birch_planks":4}},"DataVersion":3465}