{"stats":{"minecraft:dropped":{"minecraft:iron_ingot":28,"minecraft:bread":5,"minecraft:iron_sword":2,"iceandfire:raw_silver":6,"minecraft:birch_planks":1,"minecraft:wheat_seeds":1,"iceandfire:silver_axe":2,"minecraft:golden_pickaxe":2,"minecraft:iron_helmet":1,"minecraft:cobblestone":2,"iceandfire:dragon_stick":2,"minecraft:chest_minecart":1,"minecraft:leather":4,"minecraft:coal":9,"minecraft:leather_helmet":2,"minecraft:dirt":1,"alexsmobs:roadrunner_feather":2,"minecraft:torch":29,"iceandfire:copper_nugget":50,"iceandfire:dragon_horn":2,"minecraft:iron_leggings":1,"minecraft:gold_nugget":1,"minecraft:iron_pickaxe":2,"minecraft:string":1,"iceandfire:dragon_skull_fire":1,"minecraft:gold_ingot":15,"iceandfire:dragonbone":3,"minecraft:gravel":1,"iceandfire:troll_tusk":3,"minecraft:hay_block":31,"iceandfire:copper_sword":1,"iceandfire:rotten_egg":1,"minecraft:iron_chestplate":3,"minecraft:yellow_bed":1,"iceandfire:silver_ingot":3,"minecraft:leather_boots":3,"iceandfire:bestiary":1,"iceandfire:lectern":1,"minecraft:arrow":5,"minecraft:bow":4,"iceandfire:chared_grass":1,"iceandfire:manuscript":76},"minecraft:killed_by":{"minecraft:creeper":1,"minecraft:spider":1,"alexsmobs:elephant":1,"minecraft:skeleton":1,"alexsmobs:tarantula_hawk":1,"iceandfire:ghost":9,"iceandfire:fire_dragon":1},"minecraft:used":{"minecraft:stone_sword":6,"minecraft:flint_and_steel":3,"minecraft:chest":1,"minecraft:shield":11,"minecraft:iron_sword":103,"minecraft:mossy_stone_brick_slab":1,"minecraft:iron_chestplate":3,"minecraft:torch":25,"minecraft:dirt":1,"iceandfire:copper_sword":4,"minecraft:acacia_sapling":2,"minecraft:iron_axe":49,"minecraft:iron_helmet":1,"minecraft:golden_carrot":2,"minecraft:hay_block":9,"minecraft:furnace":2,"minecraft:egg":4,"minecraft:iron_leggings":3,"minecraft:wheat_seeds":1,"minecraft:birch_planks":3,"minecraft:stone_pickaxe":7,"minecraft:oak_planks":4,"minecraft:wooden_pickaxe":9,"iceandfire:dragon_skull_lightning":1,"minecraft:cracked_stone_bricks":4,"minecraft:oak_leaves":1,"minecraft:white_wool":1,"minecraft:terracotta":15,"minecraft:yellow_terracotta":1,"minecraft:crafting_table":6,"minecraft:light_gray_terracotta":1,"minecraft:white_bed":12,"minecraft:oak_log":1,"minecraft:melon_slice":8,"minecraft:bread":40,"minecraft:iron_pickaxe":72,"iceandfire:graveyard_soil":1,"minecraft:leather_helmet":2,"minecraft:cobblestone":2,"minecraft:yellow_bed":2,"alexsmobs:animal_dictionary":3,"minecraft:golden_pickaxe":6,"minecraft:cobweb":12},"minecraft:killed":{"minecraft:cave_spider":2,"minecraft:spider":2,"minecraft:skeleton":4,"minecraft:zombie":1,"iceandfire:ghost":10,"alexsmobs:roadrunner":1,"alexsmobs:fly":1,"minecraft:cow":4},"minecraft:mined":{"minecraft:white_bed":9,"iceandfire:graveyard_soil":1,"minecraft:mossy_stone_brick_slab":1,"iceandfire:copper_pile":12,"minecraft:jungle_leaves":7,"minecraft:red_sand":1,"minecraft:grass_block":4,"iceandfire:lectern":1,"minecraft:oxeye_daisy":1,"iceandfire:chared_grass":1,"minecraft:large_fern":1,"minecraft:hay_block":88,"minecraft:fire":2,"minecraft:acacia_wood":1,"minecraft:andesite":1,"minecraft:pumpkin":1,"minecraft:gold_block":1,"minecraft:vine":1,"iceandfire:gold_pile":63,"minecraft:stone":14,"minecraft:bone_block":2,"iceandfire:pixie_jar_empty":2,"iceandfire:myrmex_desert_resin_glass":4,"iceandfire:podium_acacia":1,"minecraft:crafting_table":5,"minecraft:torch":1,"minecraft:light_gray_terracotta":4,"minecraft:melon":2,"minecraft:chest":1,"minecraft:dead_bush":4,"iceandfire:fire_lily":1,"minecraft:tall_grass":4,"minecraft:sugar_cane":3,"minecraft:skeleton_skull":5,"minecraft:white_terracotta":1,"minecraft:birch_planks":3,"minecraft:birch_log":7,"minecraft:wheat":1,"minecraft:yellow_bed":2,"minecraft:grass":28,"minecraft:coal_ore":32,"minecraft:cobweb":9,"minecraft:cracked_stone_bricks":4,"minecraft:terracotta":11,"minecraft:gold_ore":15,"minecraft:fern":2,"minecraft:oak_leaves":3},"minecraft:custom":{"minecraft:mob_kills":25,"minecraft:interact_with_crafting_table":20,"minecraft:time_since_death":8305,"minecraft:climb_one_cm":5900,"minecraft:sprint_one_cm":488910,"minecraft:walk_one_cm":279206,"minecraft:damage_blocked_by_shield":855,"minecraft:drop":152,"minecraft:talked_to_villager":2,"minecraft:play_time":178085,"minecraft:deaths":15,"minecraft:sneak_time":3411,"minecraft:walk_under_water_one_cm":11571,"minecraft:jump":3347,"minecraft:interact_with_brewingstand":1,"minecraft:walk_on_water_one_cm":36516,"minecraft:total_world_time":178085,"minecraft:interact_with_furnace":4,"minecraft:sleep_in_bed":15,"minecraft:time_since_rest":8334,"minecraft:damage_taken":5412,"minecraft:trigger_trapped_chest":4,"minecraft:damage_dealt":4586,"minecraft:swim_one_cm":51382,"minecraft:fly_one_cm":844704,"minecraft:open_chest":70,"minecraft:crouch_one_cm":6850,"minecraft:fall_one_cm":98198},"minecraft:picked_up":{"iceandfire:dragon_skull_lightning":1,"minecraft:crafting_table":11,"minecraft:iron_chestplate":17,"minecraft:chest_minecart":2,"iceandfire:copper_sword":4,"minecraft:golden_pickaxe":5,"iceandfire:fire_lily":2,"minecraft:wooden_pickaxe":1,"alexsmobs:roadrunner_feather":2,"minecraft:gold_block":1,"minecraft:wither_rose":2,"minecraft:golden_sword":2,"minecraft:shield":7,"iceandfire:manuscript":83,"minecraft:string":23,"minecraft:iron_axe":1,"minecraft:iron_leggings":10,"minecraft:compass":2,"iceandfire:graveyard_soil":1,"iceandfire:bestiary":4,"minecraft:cracked_stone_bricks":4,"minecraft:gold_nugget":1581,"minecraft:beef":20,"minecraft:rose_bush":6,"minecraft:jungle_sapling":3,"minecraft:iron_pickaxe":6,"minecraft:chest":3,"minecraft:melon_slice":303,"minecraft:sugar_cane":47,"iceandfire:podium_acacia":1,"minecraft:furnace":1,"minecraft:egg":2,"minecraft:stick":10,"iceandfire:ghost_chest":5,"iceandfire:dragonbone":3,"iceandfire:troll_tusk":3,"minecraft:copper_ingot":10,"iceandfire:chared_grass":1,"minecraft:torch":77,"iceandfire:rotten_egg":1,"minecraft:dark_oak_planks":32,"iceandfire:blindfold":1,"iceandfire:silver_ingot":6,"minecraft:arrow":5,"minecraft:rotten_flesh":1,"minecraft:hay_block":310,"minecraft:yellow_terracotta":1,"alexsmobs:emu_egg":1,"minecraft:gold_ingot":233,"minecraft:glow_berries":10,"minecraft:rail":33,"iceandfire:silver_axe":2,"minecraft:mutton":53,"minecraft:skeleton_skull":20,"minecraft:bone_block":2,"minecraft:white_wool":11,"minecraft:cobblestone":38,"minecraft:oxeye_daisy":4,"minecraft:birch_log":7,"minecraft:feather":11,"minecraft:cooked_beef":5,"minecraft:golden_carrot":43,"minecraft:andesite":1,"minecraft:leather":31,"iceandfire:myrmex_desert_resin_glass":4,"minecraft:acacia_wood":1,"minecraft:potato":41,"minecraft:birch_planks":21,"minecraft:oak_log":1,"iceandfire:ectoplasm":4,"minecraft:yellow_bed":6,"minecraft:lapis_lazuli":6,"minecraft:dirt":202,"minecraft:name_tag":2,"minecraft:leather_boots":2,"minecraft:bone":165,"minecraft:acacia_planks":120,"minecraft:apple":24,"iceandfire:pixie_jar_empty":2,"minecraft:bow":4,"minecraft:wheat_seeds":22,"minecraft:raw_gold":17,"iceandfire:dragon_stick":6,"minecraft:iron_ingot":90,"minecraft:cobweb":14,"minecraft:oak_planks":104,"minecraft:iron_sword":11,"minecraft:acacia_sapling":2,"minecraft:book":20,"iceandfire:copper_nugget":100,"iceandfire:dragon_horn":4,"minecraft:pumpkin":21,"minecraft:gravel":2,"iceandfire:dragon_skull_fire":1,"minecraft:white_bed":12,"minecraft:spider_eye":2,"minecraft:mossy_stone_brick_slab":1,"alexsmobs:animal_dictionary":3,"minecraft:leather_helmet":4,"minecraft:light_gray_terracotta":1,"iceandfire:lectern":3,"minecraft:iron_helmet":6,"minecraft:bread":127,"minecraft:emerald":4,"minecraft:terracotta":27,"minecraft:dark_oak_fence":2,"minecraft:coal":68,"iceandfire:raw_silver":16,"minecraft:oak_leaves":2},"minecraft:crafted":{"minecraft:stone_shovel":1,"minecraft:furnace":1,"minecraft:bow":1,"minecraft:iron_axe":1,"minecraft:stone_pickaxe":2,"minecraft:wheat":216,"minecraft:cooked_beef":5,"minecraft:crafting_table":2,"minecraft:wooden_pickaxe":1,"minecraft:birch_planks":28,"minecraft:bread":57,"minecraft:air":0,"minecraft:white_wool":1,"minecraft:shield":1,"minecraft:stick":16,"minecraft:stone_sword":1,"minecraft:gold_ingot":62,"minecraft:acacia_planks":4,"minecraft:torch":4}},"DataVersion":3465}