{"stats":{"minecraft:crafted":{"minecraft:black_dye":1,"minecraft:oak_planks":12,"minecraft:bow":1,"minecraft:chest":2,"minecraft:crafting_table":4,"minecraft:wooden_pickaxe":1,"minecraft:birch_planks":28,"minecraft:dark_oak_chest_boat":1,"minecraft:shield":1,"minecraft:stick":68,"minecraft:iron_pickaxe":3,"minecraft:iron_ingot":1,"minecraft:stone_sword":1,"minecraft:gold_ingot":63,"minecraft:black_bed":1,"iceandfire:silver_sword":1,"minecraft:stone_shovel":1,"minecraft:furnace":2,"minecraft:mushroom_stew":1,"minecraft:iron_axe":2,"minecraft:stone_pickaxe":2,"minecraft:wheat":751,"minecraft:cooked_beef":5,"minecraft:iron_sword":2,"minecraft:bowl":8,"minecraft:bucket":1,"minecraft:bread":237,"minecraft:air":0,"minecraft:oak_boat":2,"minecraft:oak_chest_boat":1,"minecraft:white_wool":6,"minecraft:white_bed":1,"minecraft:acacia_planks":4,"minecraft:torch":4},"minecraft:mined":{"minecraft:white_bed":24,"iceandfire:graveyard_soil":4,"minecraft:mossy_stone_brick_slab":1,"iceandfire:copper_pile":12,"minecraft:jungle_leaves":7,"minecraft:red_sand":1,"minecraft:grass_block":8,"iceandfire:lectern":1,"minecraft:oxeye_daisy":1,"minecraft:chiseled_stone_bricks":3,"minecraft:iron_ore":28,"minecraft:fire":14,"minecraft:pumpkin":1,"minecraft:azure_bluet":1,"iceandfire:gold_pile":63,"minecraft:orange_terracotta":3,"iceandfire:myrmex_desert_resin_glass":4,"iceandfire:podium_acacia":1,"minecraft:torch":5,"minecraft:light_gray_terracotta":6,"minecraft:melon":16,"minecraft:chest":2,"minecraft:dead_bush":4,"minecraft:mushroom_stem":5,"iceandfire:fire_lily":1,"minecraft:cobblestone":7,"minecraft:sugar_cane":3,"minecraft:wall_torch":1,"minecraft:skeleton_skull":10,"minecraft:white_terracotta":2,"minecraft:mud":2,"minecraft:birch_log":7,"minecraft:wheat":1,"minecraft:stripped_oak_wood":1,"minecraft:wither_rose":1,"minecraft:grass":66,"minecraft:oak_log":2,"minecraft:sand":1,"minecraft:dirt":4,"minecraft:red_mushroom_block":3,"minecraft:oak_leaves":8,"alexsmobs:skunk_spray":4,"minecraft:mossy_cobblestone":6,"minecraft:lever":2,"minecraft:brown_mushroom_block":48,"minecraft:spruce_leaves":9,"iceandfire:chared_grass":1,"minecraft:large_fern":3,"minecraft:hay_block":147,"minecraft:furnace":4,"minecraft:acacia_wood":1,"minecraft:andesite":1,"minecraft:gold_block":1,"minecraft:cobblestone_slab":1,"minecraft:vine":9,"minecraft:bamboo":3,"minecraft:stone":38,"minecraft:white_wool":6,"minecraft:bone_block":2,"iceandfire:pixie_jar_empty":2,"minecraft:acacia_leaves":3,"minecraft:crafting_table":14,"minecraft:tall_grass":9,"minecraft:blue_bed":1,"minecraft:purple_bed":1,"minecraft:coarse_dirt":2,"minecraft:birch_planks":3,"minecraft:red_terracotta":3,"minecraft:sweet_berry_bush":4,"minecraft:birch_leaves":1,"minecraft:yellow_bed":2,"minecraft:coal_ore":78,"minecraft:mycelium":2,"minecraft:cobweb":17,"minecraft:cracked_stone_bricks":6,"minecraft:terracotta":21,"minecraft:stone_bricks":4,"minecraft:gold_ore":15,"minecraft:fern":6},"minecraft:broken":{"minecraft:iron_chestplate":2,"minecraft:iron_leggings":1,"iceandfire:tide_bronze_boots":1,"minecraft:iron_helmet":1},"minecraft:picked_up":{"minecraft:iron_chestplate":21,"minecraft:wheat":5,"iceandfire:copper_sword":4,"minecraft:wither_rose":3,"minecraft:enchanted_book":4,"minecraft:golden_sword":3,"iceandfire:manuscript":83,"minecraft:string":83,"minecraft:iron_leggings":12,"minecraft:gold_nugget":1661,"iceandfire:tide_purple_chestplate":2,"minecraft:rose_bush":6,"minecraft:cobblestone_slab":1,"minecraft:iron_pickaxe":10,"minecraft:melon_slice":558,"minecraft:furnace":5,"minecraft:stick":18,"iceandfire:ghost_chest":6,"minecraft:torch":540,"minecraft:porkchop":28,"iceandfire:rotten_egg":1,"iceandfire:tide_purple_leggings":2,"minecraft:rotten_flesh":6,"alexsmobs:emu_egg":1,"minecraft:white_terracotta":1,"minecraft:cobblestone":68,"minecraft:birch_log":7,"iceandfire:tide_bronze_boots":1,"minecraft:feather":27,"minecraft:cooked_beef":5,"minecraft:andesite":1,"minecraft:dark_oak_boat":2,"minecraft:potato":59,"minecraft:flint":4,"minecraft:lapis_lazuli":6,"minecraft:dirt":398,"minecraft:name_tag":4,"minecraft:leather_boots":3,"minecraft:stripped_bamboo_block":1,"minecraft:bone":276,"minecraft:acacia_planks":156,"minecraft:bow":4,"minecraft:wheat_seeds":49,"minecraft:raw_gold":32,"iceandfire:tide_purple_boots":3,"minecraft:mossy_stone_bricks":2,"minecraft:bamboo":9,"minecraft:oak_planks":175,"iceandfire:dragon_skull_fire":1,"minecraft:sand":4,"minecraft:ink_sac":1,"minecraft:red_terracotta":4,"alexsmobs:animal_dictionary":7,"minecraft:mossy_cobblestone":4,"minecraft:light_gray_terracotta":3,"iceandfire:lectern":3,"minecraft:golden_apple":6,"minecraft:bread":148,"minecraft:emerald":4,"iceandfire:tide_deepblue_helmet":2,"iceandfire:gorgon_head":1,"alexsmobs:maggot":1,"minecraft:oak_sapling":1,"minecraft:dark_oak_fence":2,"iceandfire:raw_silver":27,"minecraft:oak_leaves":2,"minecraft:coarse_dirt":2,"iceandfire:dragon_skull_lightning":2,"minecraft:mud":1,"minecraft:crafting_table":26,"minecraft:chicken":17,"minecraft:golden_pickaxe":6,"minecraft:chest_minecart":2,"iceandfire:fire_lily":2,"minecraft:brown_mushroom":13,"minecraft:wooden_pickaxe":1,"alexsmobs:roadrunner_feather":6,"minecraft:gold_block":1,"minecraft:shield":16,"minecraft:iron_axe":1,"minecraft:flint_and_steel":5,"minecraft:compass":6,"iceandfire:tide_bronze_helmet":1,"iceandfire:bestiary":5,"iceandfire:graveyard_soil":13,"minecraft:cracked_stone_bricks":5,"minecraft:beef":41,"minecraft:oak_boat":4,"minecraft:jungle_sapling":6,"minecraft:chest":4,"minecraft:sugar_cane":87,"iceandfire:podium_acacia":1,"minecraft:egg":2,"minecraft:raw_iron":65,"iceandfire:dragonbone":3,"iceandfire:troll_tusk":3,"minecraft:copper_ingot":22,"iceandfire:chared_grass":1,"minecraft:bowl":1,"minecraft:dark_oak_planks":101,"iceandfire:blindfold":1,"iceandfire:silver_ingot":34,"minecraft:arrow":18,"minecraft:beetroot_seeds":12,"minecraft:hay_block":488,"minecraft:yellow_terracotta":2,"minecraft:oak_chest_boat":1,"minecraft:gold_ingot":489,"minecraft:white_wool":29,"minecraft:glow_berries":15,"minecraft:mutton":78,"minecraft:skeleton_skull":65,"minecraft:rail":177,"minecraft:bone_block":2,"minecraft:oxeye_daisy":4,"iceandfire:silver_axe":5,"iceandfire:sea_serpent_fang":24,"minecraft:golden_carrot":55,"minecraft:salmon":1,"minecraft:red_mushroom":1,"minecraft:leather":78,"alexsmobs:acacia_blossom":4,"minecraft:acacia_wood":1,"iceandfire:myrmex_desert_resin_glass":4,"minecraft:filled_map":6,"minecraft:birch_planks":21,"minecraft:oak_log":4,"iceandfire:ectoplasm":36,"minecraft:yellow_bed":8,"minecraft:gunpowder":9,"minecraft:blue_bed":1,"minecraft:orange_terracotta":7,"minecraft:apple":48,"iceandfire:pixie_jar_empty":2,"alexsmobs:cockroach_wing_fragment":1,"iceandfire:dragon_stick":11,"minecraft:iron_ingot":118,"minecraft:cobweb":20,"minecraft:stripped_oak_wood":2,"minecraft:acacia_sapling":5,"minecraft:iron_sword":14,"minecraft:book":35,"iceandfire:copper_nugget":101,"iceandfire:dragon_horn":5,"minecraft:pumpkin":33,"minecraft:chiseled_stone_bricks":1,"minecraft:gravel":2,"minecraft:white_bed":25,"minecraft:mossy_stone_brick_slab":1,"minecraft:dark_oak_chest_boat":2,"minecraft:spider_eye":3,"minecraft:leather_helmet":6,"minecraft:purple_bed":3,"iceandfire:silver_sword":2,"minecraft:iron_helmet":7,"minecraft:terracotta":46,"minecraft:coal":211},"minecraft:custom":{"minecraft:interact_with_crafting_table":44,"minecraft:leave_game":3,"minecraft:time_since_death":93088,"minecraft:sprint_one_cm":1270106,"minecraft:damage_blocked_by_shield":1005,"minecraft:drop":249,"minecraft:talked_to_villager":5,"minecraft:play_time":487854,"minecraft:deaths":28,"minecraft:jump":8801,"minecraft:interact_with_brewingstand":1,"minecraft:walk_on_water_one_cm":101626,"minecraft:interact_with_furnace":21,"minecraft:sleep_in_bed":31,"minecraft:damage_dealt":14707,"minecraft:crouch_one_cm":16848,"minecraft:inspect_dispenser":3,"minecraft:mob_kills":88,"minecraft:climb_one_cm":20295,"minecraft:walk_one_cm":777808,"minecraft:sneak_time":8794,"minecraft:walk_under_water_one_cm":28789,"minecraft:boat_one_cm":1429301,"minecraft:interact_with_blast_furnace":1,"minecraft:total_world_time":487854,"minecraft:time_since_rest":10944,"minecraft:damage_taken":2147483647,"minecraft:damage_absorbed":20,"minecraft:trigger_trapped_chest":5,"minecraft:swim_one_cm":111928,"minecraft:fly_one_cm":1935181,"minecraft:open_chest":102,"minecraft:fall_one_cm":264247},"minecraft:used":{"minecraft:chest":2,"minecraft:shield":14,"minecraft:white_terracotta":1,"minecraft:iron_sword":305,"minecraft:mossy_stone_brick_slab":1,"iceandfire:tide_deepblue_helmet":1,"minecraft:iron_chestplate":3,"minecraft:acacia_sapling":2,"minecraft:iron_helmet":2,"minecraft:hay_block":9,"minecraft:furnace":5,"minecraft:egg":4,"minecraft:oak_chest_boat":1,"iceandfire:tide_bronze_boots":1,"minecraft:stone_pickaxe":7,"minecraft:oak_planks":11,"minecraft:wooden_pickaxe":9,"minecraft:oak_leaves":1,"minecraft:white_wool":1,"minecraft:golden_apple":1,"minecraft:sand":4,"minecraft:yellow_terracotta":2,"minecraft:mushroom_stew":9,"minecraft:light_gray_terracotta":3,"iceandfire:silver_axe":18,"minecraft:black_bed":1,"minecraft:bread":81,"minecraft:melon_slice":114,"minecraft:red_terracotta":4,"minecraft:stripped_oak_wood":1,"minecraft:oak_boat":4,"minecraft:coarse_dirt":2,"minecraft:golden_pickaxe":6,"minecraft:cobweb":18,"minecraft:stone_sword":6,"minecraft:flint_and_steel":16,"minecraft:torch":38,"minecraft:dirt":57,"iceandfire:copper_sword":4,"alexsmobs:maggot":1,"minecraft:iron_axe":50,"minecraft:golden_carrot":2,"minecraft:orange_terracotta":7,"minecraft:iron_leggings":4,"minecraft:wheat_seeds":1,"minecraft:birch_planks":3,"minecraft:brown_mushroom":2,"minecraft:cobblestone_slab":1,"iceandfire:dragon_skull_lightning":2,"iceandfire:tide_bronze_helmet":1,"minecraft:cracked_stone_bricks":5,"minecraft:terracotta":28,"minecraft:crafting_table":19,"minecraft:white_bed":23,"iceandfire:tide_purple_leggings":1,"iceandfire:tide_purple_chestplate":1,"minecraft:oak_log":1,"minecraft:mud":1,"minecraft:iron_pickaxe":221,"iceandfire:graveyard_soil":2,"minecraft:leather_helmet":2,"minecraft:cobblestone":14,"minecraft:dark_oak_chest_boat":2,"minecraft:yellow_bed":4,"alexsmobs:animal_dictionary":3},"minecraft:killed":{"minecraft:cave_spider":2,"iceandfire:gorgon":1,"minecraft:spider":5,"iceandfire:stymphalian_bird":1,"minecraft:skeleton":7,"minecraft:chicken":18,"minecraft:skeleton_horse":1,"minecraft:pig":13,"minecraft:sheep":6,"minecraft:zombie":2,"minecraft:mooshroom":1,"alexsmobs:roadrunner":1,"alexsmobs:fly":1,"iceandfire:sea_serpent":1,"minecraft:cow":13,"minecraft:drowned":1,"iceandfire:ghost":13},"minecraft:killed_by":{"minecraft:creeper":2,"alexsmobs:elephant":1,"iceandfire:sea_serpent":6,"iceandfire:fire_dragon":1,"minecraft:player":1,"minecraft:spider":1,"iceandfire:gorgon":2,"minecraft:skeleton":3,"alexsmobs:tarantula_hawk":1,"iceandfire:ghost":9},"minecraft:dropped":{"minecraft:iron_sword":2,"iceandfire:raw_silver":9,"minecraft:brown_mushroom":10,"minecraft:birch_planks":1,"minecraft:lapis_lazuli":6,"minecraft:oak_log":1,"iceandfire:silver_axe":2,"minecraft:golden_pickaxe":2,"iceandfire:tide_purple_boots":1,"minecraft:leather":4,"minecraft:chest_minecart":1,"iceandfire:gorgon_head":1,"minecraft:rail":36,"minecraft:leather_helmet":2,"iceandfire:graveyard_soil":11,"minecraft:flint":8,"minecraft:dirt":1,"alexsmobs:roadrunner_feather":2,"iceandfire:dragon_horn":3,"minecraft:gold_nugget":7,"minecraft:iron_pickaxe":3,"minecraft:dark_oak_planks":5,"minecraft:dark_oak_boat":1,"minecraft:gold_ingot":80,"minecraft:gravel":1,"minecraft:golden_chestplate":1,"alexsmobs:animal_dictionary":1,"iceandfire:tide_bronze_helmet":1,"minecraft:rotten_flesh":5,"minecraft:white_bed":1,"minecraft:chiseled_stone_bricks":1,"minecraft:oak_chest_boat":1,"iceandfire:ghost_chest":1,"minecraft:beetroot_seeds":4,"minecraft:leather_boots":3,"minecraft:acacia_sapling":2,"iceandfire:bestiary":1,"minecraft:arrow":6,"minecraft:beef":17,"iceandfire:chared_grass":1,"iceandfire:manuscript":76,"minecraft:dark_oak_chest_boat":1,"minecraft:iron_ingot":28,"minecraft:bread":68,"minecraft:wheat_seeds":5,"minecraft:mossy_cobblestone":4,"minecraft:feather":9,"minecraft:iron_helmet":1,"minecraft:cobblestone":12,"iceandfire:dragon_stick":2,"minecraft:copper_ingot":7,"minecraft:coal":9,"minecraft:mushroom_stew":1,"minecraft:stick":2,"iceandfire:copper_nugget":51,"minecraft:torch":29,"iceandfire:silver_sword":2,"minecraft:melon_slice":13,"minecraft:iron_leggings":1,"minecraft:wither_rose":1,"minecraft:string":1,"minecraft:bucket":1,"minecraft:acacia_planks":2,"iceandfire:dragon_skull_fire":1,"iceandfire:dragonbone":3,"alexsmobs:acacia_blossom":4,"minecraft:bowl":6,"alexsmobs:ancient_dart":1,"iceandfire:troll_tusk":3,"minecraft:stripped_bamboo_block":1,"minecraft:flint_and_steel":1,"minecraft:filled_map":1,"minecraft:hay_block":34,"minecraft:shield":4,"iceandfire:copper_sword":1,"iceandfire:rotten_egg":1,"alexsmobs:cockroach_wing_fragment":1,"minecraft:iron_chestplate":3,"minecraft:purple_bed":3,"iceandfire:silver_ingot":14,"minecraft:yellow_bed":3,"minecraft:oak_sapling":1,"iceandfire:lectern":1,"minecraft:spider_eye":2,"minecraft:bow":4,"iceandfire:sea_serpent_fang":24,"minecraft:terracotta":6}},"DataVersion":3465}