{"stats":{"minecraft:dropped":{"minecraft:bread":2,"iceandfire:rotten_egg":1},"minecraft:killed_by":{"minecraft:spider":1},"minecraft:used":{"minecraft:birch_planks":3,"minecraft:iron_axe":34,"minecraft:bread":10,"minecraft:shield":2,"minecraft:oak_leaves":1,"minecraft:hay_block":9,"minecraft:crafting_table":2,"minecraft:white_bed":1,"minecraft:egg":2},"minecraft:killed":{"minecraft:skeleton":1,"minecraft:zombie":1,"minecraft:spider":1,"minecraft:cow":1},"minecraft:mined":{"minecraft:hay_block":32,"minecraft:birch_planks":3,"minecraft:white_bed":1,"iceandfire:graveyard_soil":1,"minecraft:birch_log":7,"minecraft:crafting_table":3,"minecraft:grass":3,"minecraft:grass_block":2,"iceandfire:fire_lily":1,"minecraft:sugar_cane":3,"minecraft:oxeye_daisy":1,"minecraft:oak_leaves":1},"minecraft:custom":{"minecraft:time_since_rest":6206,"minecraft:sprint_one_cm":76214,"minecraft:damage_taken":640,"minecraft:walk_one_cm":42453,"minecraft:damage_blocked_by_shield":120,"minecraft:mob_kills":4,"minecraft:drop":3,"minecraft:damage_dealt":507,"minecraft:swim_one_cm":13462,"minecraft:interact_with_crafting_table":3,"minecraft:fly_one_cm":126475,"minecraft:crouch_one_cm":133,"minecraft:play_time":28085,"minecraft:deaths":1,"minecraft:sneak_time":150,"minecraft:walk_under_water_one_cm":1127,"minecraft:jump":499,"minecraft:walk_on_water_one_cm":6518,"minecraft:time_since_death":7358,"minecraft:sleep_in_bed":5,"minecraft:total_world_time":28085,"minecraft:fall_one_cm":14349},"minecraft:picked_up":{"minecraft:birch_log":7,"minecraft:crafting_table":5,"iceandfire:fire_lily":2,"minecraft:leather":4,"minecraft:torch":2,"minecraft:wooden_pickaxe":1,"minecraft:birch_planks":20,"iceandfire:rotten_egg":1,"minecraft:yellow_bed":1,"minecraft:white_bed":2,"minecraft:dirt":20,"alexsmobs:animal_dictionary":1,"minecraft:string":1,"minecraft:iron_axe":1,"minecraft:arrow":2,"minecraft:rotten_flesh":1,"iceandfire:graveyard_soil":1,"minecraft:wheat_seeds":4,"minecraft:hay_block":38,"minecraft:iron_ingot":5,"minecraft:beef":6,"alexsmobs:emu_egg":1,"minecraft:bread":18,"minecraft:sugar_cane":14,"minecraft:oak_leaves":2,"minecraft:oxeye_daisy":2,"minecraft:egg":2},"minecraft:crafted":{"minecraft:shield":1,"minecraft:crafting_table":1,"minecraft:iron_axe":1,"minecraft:stick":8,"minecraft:wooden_pickaxe":1,"minecraft:birch_planks":28,"minecraft:bread":21,"minecraft:wheat":108}},"DataVersion":3465}