{"stats":{"minecraft:mined":{"minecraft:podzol":1,"minecraft:brown_mushroom":2,"minecraft:jungle_leaves":3,"minecraft:mycelium":1,"minecraft:vine":2,"minecraft:grass":3,"minecraft:grass_block":7,"minecraft:melon":8,"minecraft:cocoa":1,"minecraft:chest":1,"minecraft:dirt":1,"minecraft:redstone_wire":1,"minecraft:bamboo":7},"minecraft:picked_up":{"minecraft:cocoa_beans":3,"minecraft:chiseled_stone_bricks":1,"minecraft:brown_mushroom":2,"minecraft:torch":1,"minecraft:bowl":1,"minecraft:mushroom_stew":1,"minecraft:shield":3,"minecraft:string":2,"minecraft:dirt":61,"alexsmobs:animal_dictionary":2,"minecraft:mossy_cobblestone":3,"alexsmobs:ancient_dart":1,"minecraft:flint_and_steel":2,"minecraft:dispenser":1,"minecraft:arrow":2,"minecraft:bone":6,"iceandfire:silver_ingot":2,"minecraft:rotten_flesh":5,"minecraft:beetroot_seeds":4,"minecraft:wheat_seeds":3,"iceandfire:silver_sword":3,"minecraft:lever":1,"minecraft:raw_gold":15,"minecraft:oak_boat":1,"minecraft:gold_ingot":192,"minecraft:jungle_sapling":1,"alexsmobs:maggot":2,"minecraft:bamboo":127,"minecraft:oak_sapling":1,"minecraft:melon_slice":80,"minecraft:chest":1,"minecraft:rail":72,"minecraft:cobblestone":4},"minecraft:custom":{"minecraft:time_since_rest":38124,"minecraft:interact_with_furnace":2,"minecraft:sprint_one_cm":30265,"minecraft:damage_taken":1095,"minecraft:walk_one_cm":221542,"minecraft:damage_blocked_by_shield":10,"minecraft:mob_kills":1,"minecraft:drop":2,"minecraft:damage_dealt":130,"minecraft:interact_with_crafting_table":1,"minecraft:fly_one_cm":5643,"minecraft:open_chest":1,"minecraft:crouch_one_cm":768,"minecraft:play_time":52666,"minecraft:sneak_time":533,"minecraft:deaths":2,"minecraft:walk_under_water_one_cm":3310,"minecraft:boat_one_cm":146028,"minecraft:jump":656,"minecraft:walk_on_water_one_cm":1078,"minecraft:time_since_death":38048,"minecraft:sleep_in_bed":1,"minecraft:total_world_time":52666,"minecraft:climb_one_cm":4911,"minecraft:fall_one_cm":20804},"minecraft:used":{"alexsmobs:maggot":2,"iceandfire:silver_sword":36,"minecraft:melon_slice":25,"minecraft:chest":1,"minecraft:shield":1},"minecraft:killed":{"alexsmobs:fly":1},"minecraft:killed_by":{"minecraft:skeleton":1,"minecraft:creeper":1},"minecraft:dropped":{"minecraft:rail":72}},"DataVersion":3465}