{"stats":{"minecraft:mined":{"minecraft:podzol":2,"iceandfire:silver_ore":1,"minecraft:white_bed":4,"minecraft:brown_mushroom":3,"iceandfire:graveyard_soil":5,"minecraft:jungle_leaves":3,"minecraft:grass_block":10,"minecraft:melon":8,"minecraft:chest":1,"minecraft:redstone_wire":1,"minecraft:copper_ore":3,"minecraft:tall_grass":8,"minecraft:spruce_leaves":3,"minecraft:large_fern":1,"minecraft:sweet_berry_bush":7,"minecraft:birch_leaves":1,"minecraft:yellow_bed":1,"minecraft:wither_rose":1,"minecraft:grass":11,"minecraft:cocoa":1,"minecraft:mycelium":1,"minecraft:vine":2,"minecraft:dirt":1,"minecraft:bamboo":7,"minecraft:oak_leaves":11,"minecraft:fern":2},"minecraft:picked_up":{"iceandfire:silver_axe":2,"minecraft:mud":2,"minecraft:cocoa_beans":6,"minecraft:crafting_table":1,"minecraft:azure_bluet":1,"minecraft:cooked_beef":4,"iceandfire:sea_serpent_fang":52,"minecraft:brown_mushroom":21,"minecraft:leather":2,"minecraft:golden_leggings":2,"iceandfire:silver_shovel":2,"minecraft:potato":36,"minecraft:filled_map":3,"minecraft:wither_rose":1,"alexsmobs:cachalot_whale_tooth":2,"minecraft:mushroom_stew":3,"minecraft:yellow_bed":2,"minecraft:shield":4,"minecraft:dirt":133,"minecraft:string":4,"minecraft:raw_copper":11,"alexsmobs:ancient_dart":2,"minecraft:flint_and_steel":2,"iceandfire:tide_deepblue_leggings":2,"minecraft:bone":27,"iceandfire:tide_deepblue_chestplate":2,"minecraft:acacia_planks":32,"iceandfire:sea_serpent_scales_bronze":6,"iceandfire:graveyard_soil":9,"iceandfire:bestiary":1,"minecraft:wheat_seeds":12,"minecraft:gold_nugget":12,"iceandfire:tide_purple_chestplate":2,"minecraft:raw_gold":30,"minecraft:iron_pickaxe":1,"minecraft:beef":14,"minecraft:iron_ingot":11,"minecraft:oak_boat":3,"minecraft:stripped_oak_wood":1,"minecraft:poppy":4,"minecraft:jungle_sapling":1,"iceandfire:tide_purple_boots":4,"minecraft:bamboo":199,"minecraft:melon_slice":109,"minecraft:chest":2,"iceandfire:sea_serpent_scales_deepblue":20,"minecraft:oak_planks":14,"minecraft:stick":2,"minecraft:egg":3,"minecraft:furnace":1,"iceandfire:dragonbone":32,"iceandfire:copper_nugget":8,"iceandfire:dragon_horn":2,"minecraft:sweet_berries":14,"minecraft:chiseled_stone_bricks":3,"minecraft:copper_ingot":1,"minecraft:torch":111,"minecraft:bowl":1,"minecraft:ink_sac":1,"minecraft:white_bed":7,"iceandfire:tide_purple_leggings":2,"minecraft:spider_eye":1,"alexsmobs:animal_dictionary":3,"minecraft:mossy_cobblestone":9,"iceandfire:sea_serpent_scales_purple":4,"minecraft:rotten_flesh":25,"iceandfire:silver_ingot":6,"minecraft:arrow":7,"minecraft:dispenser":2,"minecraft:beetroot_seeds":8,"iceandfire:silver_sword":6,"minecraft:lever":4,"minecraft:bread":32,"minecraft:oak_chest_boat":1,"minecraft:saddle":1,"minecraft:gold_ingot":256,"iceandfire:tide_purple_helmet":4,"iceandfire:tide_deepblue_helmet":1,"alexsmobs:maggot":6,"minecraft:oak_sapling":4,"minecraft:mutton":4,"iceandfire:raw_silver":1,"minecraft:white_wool":2,"minecraft:rail":72,"minecraft:cobblestone":16},"minecraft:custom":{"minecraft:interact_with_furnace":2,"minecraft:mob_kills":15,"minecraft:interact_with_cartography_table":1,"minecraft:interact_with_crafting_table":1,"minecraft:time_since_death":45819,"minecraft:sleep_in_bed":7,"minecraft:climb_one_cm":5891,"minecraft:time_since_rest":402,"minecraft:sprint_one_cm":212200,"minecraft:damage_taken":2888,"minecraft:walk_one_cm":836743,"minecraft:damage_blocked_by_shield":10,"minecraft:drop":33,"minecraft:damage_dealt":3191,"minecraft:talked_to_villager":1,"minecraft:fly_one_cm":36169,"minecraft:open_chest":1,"minecraft:crouch_one_cm":768,"minecraft:deaths":5,"minecraft:play_time":178666,"minecraft:sneak_time":533,"minecraft:walk_under_water_one_cm":24807,"minecraft:boat_one_cm":693649,"minecraft:jump":2265,"minecraft:walk_on_water_one_cm":37479,"minecraft:total_world_time":178666,"minecraft:fall_one_cm":61133},"minecraft:used":{"iceandfire:silver_sword":251,"minecraft:poppy":1,"minecraft:chest":1,"minecraft:shield":1,"minecraft:white_bed":5,"iceandfire:silver_axe":1,"minecraft:azure_bluet":1,"alexsmobs:maggot":2,"minecraft:bread":9,"minecraft:melon_slice":45,"minecraft:iron_pickaxe":7,"minecraft:oak_boat":1,"minecraft:egg":3,"minecraft:acacia_planks":1},"minecraft:killed":{"minecraft:spider":3,"iceandfire:stymphalian_bird":1,"minecraft:skeleton":1,"minecraft:sheep":1,"minecraft:mooshroom":1,"alexsmobs:fly":3,"iceandfire:sea_serpent":2},"minecraft:killed_by":{"iceandfire:cyclops":1,"minecraft:skeleton":1,"minecraft:creeper":1},"minecraft:dropped":{"minecraft:mossy_cobblestone":6,"iceandfire:sea_serpent_scales_deepblue":20,"minecraft:cobblestone":12,"minecraft:rotten_flesh":14,"minecraft:oak_planks":7,"minecraft:saddle":1,"minecraft:white_bed":1,"minecraft:rail":72,"iceandfire:graveyard_soil":9,"minecraft:filled_map":1,"minecraft:chiseled_stone_bricks":2,"minecraft:poppy":1,"minecraft:oak_chest_boat":1,"minecraft:dirt":34,"iceandfire:tide_deepblue_helmet":1,"minecraft:shield":1,"iceandfire:bestiary":1,"minecraft:bamboo":36,"minecraft:mud":2,"minecraft:stripped_oak_wood":1,"minecraft:white_wool":1,"minecraft:string":2,"minecraft:acacia_planks":15}},"DataVersion":3465}