{"stats":{"minecraft:mined":{"minecraft:podzol":1,"minecraft:brown_mushroom":3,"minecraft:jungle_leaves":3,"minecraft:grass_block":8,"minecraft:melon":8,"minecraft:chest":1,"minecraft:redstone_wire":1,"minecraft:tall_grass":1,"minecraft:grass":6,"minecraft:cocoa":1,"minecraft:mycelium":1,"minecraft:vine":2,"minecraft:dirt":1,"minecraft:bamboo":7},"minecraft:picked_up":{"minecraft:cocoa_beans":6,"iceandfire:sea_serpent_fang":52,"minecraft:brown_mushroom":18,"minecraft:leather":2,"minecraft:golden_leggings":2,"minecraft:mushroom_stew":3,"minecraft:shield":4,"minecraft:dirt":94,"minecraft:string":4,"alexsmobs:ancient_dart":2,"minecraft:flint_and_steel":2,"iceandfire:tide_deepblue_leggings":2,"minecraft:bone":12,"iceandfire:tide_deepblue_chestplate":2,"minecraft:wheat_seeds":7,"minecraft:gold_nugget":12,"minecraft:raw_gold":30,"minecraft:iron_ingot":1,"minecraft:oak_boat":3,"minecraft:jungle_sapling":1,"iceandfire:tide_purple_boots":2,"minecraft:bamboo":163,"minecraft:melon_slice":109,"minecraft:chest":1,"iceandfire:sea_serpent_scales_deepblue":20,"iceandfire:copper_nugget":8,"minecraft:chiseled_stone_bricks":2,"minecraft:copper_ingot":1,"minecraft:torch":2,"minecraft:bowl":1,"alexsmobs:animal_dictionary":3,"minecraft:mossy_cobblestone":6,"minecraft:rotten_flesh":14,"iceandfire:silver_ingot":6,"minecraft:arrow":4,"minecraft:dispenser":2,"minecraft:beetroot_seeds":8,"iceandfire:silver_sword":4,"minecraft:lever":4,"minecraft:gold_ingot":256,"iceandfire:tide_purple_helmet":2,"iceandfire:tide_deepblue_helmet":1,"alexsmobs:maggot":6,"minecraft:oak_sapling":2,"minecraft:rail":72,"minecraft:cobblestone":7},"minecraft:custom":{"minecraft:interact_with_furnace":2,"minecraft:mob_kills":7,"minecraft:interact_with_crafting_table":1,"minecraft:time_since_death":6094,"minecraft:sleep_in_bed":1,"minecraft:climb_one_cm":5147,"minecraft:time_since_rest":6156,"minecraft:sprint_one_cm":67459,"minecraft:damage_taken":1703,"minecraft:walk_one_cm":401620,"minecraft:damage_blocked_by_shield":10,"minecraft:drop":5,"minecraft:damage_dealt":2331,"minecraft:fly_one_cm":16676,"minecraft:open_chest":1,"minecraft:crouch_one_cm":768,"minecraft:deaths":3,"minecraft:play_time":100666,"minecraft:sneak_time":533,"minecraft:walk_under_water_one_cm":18235,"minecraft:boat_one_cm":693649,"minecraft:jump":1107,"minecraft:walk_on_water_one_cm":25804,"minecraft:total_world_time":100666,"minecraft:fall_one_cm":33352},"minecraft:used":{"iceandfire:silver_sword":196,"minecraft:chest":1,"minecraft:shield":1,"alexsmobs:maggot":2,"minecraft:melon_slice":41,"minecraft:oak_boat":1},"minecraft:killed":{"iceandfire:stymphalian_bird":1,"minecraft:mooshroom":1,"alexsmobs:fly":2,"iceandfire:sea_serpent":2},"minecraft:killed_by":{"minecraft:skeleton":1,"minecraft:creeper":1},"minecraft:dropped":{"iceandfire:sea_serpent_scales_deepblue":20,"minecraft:rail":72,"iceandfire:tide_deepblue_helmet":1,"minecraft:shield":1}},"DataVersion":3465}