{"stats":{"minecraft:mined":{"minecraft:podzol":1,"minecraft:brown_mushroom":3,"iceandfire:graveyard_soil":5,"minecraft:jungle_leaves":3,"minecraft:grass_block":8,"minecraft:melon":8,"minecraft:chest":1,"minecraft:redstone_wire":1,"minecraft:tall_grass":1,"minecraft:wither_rose":1,"minecraft:grass":6,"minecraft:cocoa":1,"minecraft:mycelium":1,"minecraft:vine":2,"minecraft:dirt":1,"minecraft:bamboo":7,"minecraft:fern":1},"minecraft:picked_up":{"minecraft:mud":2,"minecraft:cocoa_beans":6,"minecraft:crafting_table":1,"iceandfire:sea_serpent_fang":52,"minecraft:brown_mushroom":21,"minecraft:leather":2,"minecraft:golden_leggings":2,"minecraft:wither_rose":1,"minecraft:mushroom_stew":3,"minecraft:shield":4,"minecraft:dirt":95,"minecraft:string":4,"alexsmobs:ancient_dart":2,"minecraft:flint_and_steel":2,"iceandfire:tide_deepblue_leggings":2,"minecraft:bone":14,"iceandfire:tide_deepblue_chestplate":2,"iceandfire:graveyard_soil":9,"minecraft:wheat_seeds":9,"minecraft:gold_nugget":12,"minecraft:raw_gold":30,"minecraft:iron_ingot":1,"minecraft:oak_boat":3,"minecraft:jungle_sapling":1,"iceandfire:tide_purple_boots":2,"minecraft:bamboo":199,"minecraft:melon_slice":109,"minecraft:chest":2,"iceandfire:sea_serpent_scales_deepblue":20,"minecraft:furnace":1,"iceandfire:copper_nugget":8,"minecraft:chiseled_stone_bricks":3,"minecraft:copper_ingot":1,"minecraft:torch":2,"minecraft:bowl":1,"alexsmobs:animal_dictionary":3,"minecraft:mossy_cobblestone":9,"minecraft:rotten_flesh":21,"iceandfire:silver_ingot":6,"minecraft:arrow":4,"minecraft:dispenser":2,"minecraft:beetroot_seeds":8,"iceandfire:silver_sword":4,"minecraft:lever":4,"minecraft:gold_ingot":256,"iceandfire:tide_purple_helmet":2,"iceandfire:tide_deepblue_helmet":1,"alexsmobs:maggot":6,"minecraft:oak_sapling":2,"minecraft:rail":72,"minecraft:cobblestone":16},"minecraft:custom":{"minecraft:interact_with_furnace":2,"minecraft:mob_kills":9,"minecraft:interact_with_crafting_table":1,"minecraft:time_since_death":18094,"minecraft:sleep_in_bed":1,"minecraft:climb_one_cm":5891,"minecraft:time_since_rest":18156,"minecraft:sprint_one_cm":67459,"minecraft:damage_taken":1765,"minecraft:walk_one_cm":455567,"minecraft:damage_blocked_by_shield":10,"minecraft:drop":21,"minecraft:damage_dealt":2394,"minecraft:fly_one_cm":17355,"minecraft:open_chest":1,"minecraft:crouch_one_cm":768,"minecraft:deaths":3,"minecraft:play_time":112666,"minecraft:sneak_time":533,"minecraft:walk_under_water_one_cm":18235,"minecraft:boat_one_cm":693649,"minecraft:jump":1183,"minecraft:walk_on_water_one_cm":25804,"minecraft:total_world_time":112666,"minecraft:fall_one_cm":35953},"minecraft:used":{"iceandfire:silver_sword":209,"minecraft:chest":1,"minecraft:shield":1,"alexsmobs:maggot":2,"minecraft:melon_slice":45,"minecraft:oak_boat":1},"minecraft:killed":{"minecraft:spider":1,"iceandfire:stymphalian_bird":1,"minecraft:mooshroom":1,"alexsmobs:fly":3,"iceandfire:sea_serpent":2},"minecraft:killed_by":{"minecraft:skeleton":1,"minecraft:creeper":1},"minecraft:dropped":{"minecraft:mossy_cobblestone":6,"iceandfire:sea_serpent_scales_deepblue":20,"minecraft:cobblestone":12,"minecraft:rotten_flesh":14,"minecraft:rail":72,"iceandfire:graveyard_soil":9,"minecraft:chiseled_stone_bricks":2,"iceandfire:tide_deepblue_helmet":1,"minecraft:shield":1,"minecraft:bamboo":36,"minecraft:mud":2,"minecraft:string":2}},"DataVersion":3465}