{"stats":{"minecraft:mined":{"minecraft:podzol":1,"minecraft:brown_mushroom":3,"minecraft:jungle_leaves":3,"minecraft:mycelium":1,"minecraft:vine":2,"minecraft:grass":3,"minecraft:grass_block":7,"minecraft:melon":8,"minecraft:cocoa":1,"minecraft:chest":1,"minecraft:dirt":1,"minecraft:redstone_wire":1,"minecraft:bamboo":7},"minecraft:picked_up":{"minecraft:cocoa_beans":3,"iceandfire:sea_serpent_fang":26,"minecraft:golden_leggings":1,"minecraft:chiseled_stone_bricks":1,"minecraft:leather":1,"minecraft:brown_mushroom":9,"minecraft:torch":1,"minecraft:bowl":1,"minecraft:mushroom_stew":1,"minecraft:shield":3,"iceandfire:tide_deepblue_leggings":1,"iceandfire:tide_deepblue_chestplate":1,"minecraft:string":2,"minecraft:dirt":61,"alexsmobs:animal_dictionary":2,"minecraft:mossy_cobblestone":3,"alexsmobs:ancient_dart":1,"minecraft:flint_and_steel":2,"minecraft:dispenser":1,"minecraft:arrow":2,"minecraft:bone":6,"iceandfire:silver_ingot":3,"minecraft:rotten_flesh":5,"minecraft:gold_nugget":6,"minecraft:beetroot_seeds":4,"minecraft:wheat_seeds":3,"iceandfire:silver_sword":3,"minecraft:lever":2,"minecraft:raw_gold":15,"iceandfire:tide_purple_helmet":1,"minecraft:oak_boat":1,"iceandfire:tide_deepblue_helmet":1,"minecraft:gold_ingot":192,"minecraft:jungle_sapling":1,"alexsmobs:maggot":4,"minecraft:bamboo":127,"minecraft:oak_sapling":1,"minecraft:melon_slice":80,"iceandfire:sea_serpent_scales_deepblue":20,"minecraft:chest":1,"minecraft:rail":72,"minecraft:cobblestone":4},"minecraft:custom":{"minecraft:time_since_rest":62124,"minecraft:interact_with_furnace":2,"minecraft:sprint_one_cm":60979,"minecraft:damage_taken":1185,"minecraft:walk_one_cm":324535,"minecraft:damage_blocked_by_shield":10,"minecraft:mob_kills":4,"minecraft:drop":4,"minecraft:damage_dealt":1572,"minecraft:interact_with_crafting_table":1,"minecraft:fly_one_cm":14571,"minecraft:open_chest":1,"minecraft:crouch_one_cm":768,"minecraft:play_time":76666,"minecraft:sneak_time":533,"minecraft:deaths":2,"minecraft:walk_under_water_one_cm":11099,"minecraft:boat_one_cm":231946,"minecraft:jump":896,"minecraft:walk_on_water_one_cm":17969,"minecraft:time_since_death":62048,"minecraft:sleep_in_bed":1,"minecraft:total_world_time":76666,"minecraft:climb_one_cm":4911,"minecraft:fall_one_cm":26207},"minecraft:used":{"alexsmobs:maggot":2,"iceandfire:silver_sword":124,"minecraft:melon_slice":35,"minecraft:chest":1,"minecraft:shield":1,"minecraft:oak_boat":1},"minecraft:killed":{"minecraft:mooshroom":1,"alexsmobs:fly":2,"iceandfire:sea_serpent":1},"minecraft:killed_by":{"minecraft:skeleton":1,"minecraft:creeper":1},"minecraft:dropped":{"iceandfire:tide_deepblue_helmet":1,"iceandfire:sea_serpent_scales_deepblue":20,"minecraft:rail":72}},"DataVersion":3465}