{"stats":{"minecraft:mined":{"minecraft:grass":1,"minecraft:grass_block":6,"minecraft:bamboo":4},"minecraft:picked_up":{"minecraft:flint_and_steel":1,"iceandfire:silver_sword":1,"minecraft:gold_ingot":64,"minecraft:shield":1,"minecraft:bamboo":9,"minecraft:melon_slice":11,"minecraft:dirt":1},"minecraft:custom":{"minecraft:time_since_rest":10666,"minecraft:sprint_one_cm":1037,"minecraft:play_time":10666,"minecraft:damage_taken":80,"minecraft:walk_one_cm":35835,"minecraft:sneak_time":41,"minecraft:damage_blocked_by_shield":10,"minecraft:walk_under_water_one_cm":704,"minecraft:boat_one_cm":27518,"minecraft:jump":102,"minecraft:damage_dealt":60,"minecraft:time_since_death":10666,"minecraft:walk_on_water_one_cm":627,"minecraft:total_world_time":10666,"minecraft:interact_with_crafting_table":1,"minecraft:fall_one_cm":1449,"minecraft:fly_one_cm":458},"minecraft:used":{"iceandfire:silver_sword":5,"minecraft:melon_slice":4,"minecraft:shield":1}},"DataVersion":3465}