{"stats":{"minecraft:mined":{"minecraft:white_bed":4,"iceandfire:graveyard_soil":5,"iceandfire:silver_ore":1,"minecraft:jungle_leaves":3,"minecraft:grass_block":13,"minecraft:redstone_wire":1,"minecraft:spruce_leaves":8,"minecraft:large_fern":1,"minecraft:magma_block":1,"minecraft:dirt_path":1,"minecraft:vine":2,"minecraft:bamboo":7,"minecraft:podzol":2,"minecraft:brown_mushroom":3,"minecraft:melon":8,"minecraft:chest":1,"minecraft:tall_grass":14,"minecraft:copper_ore":3,"minecraft:sweet_berry_bush":7,"minecraft:birch_leaves":2,"minecraft:wither_rose":1,"minecraft:yellow_bed":3,"minecraft:grass":29,"minecraft:mycelium":1,"minecraft:cocoa":1,"minecraft:dirt":1,"minecraft:netherrack":3,"minecraft:oak_leaves":19,"minecraft:fern":2},"minecraft:picked_up":{"minecraft:cocoa_beans":6,"minecraft:mud":2,"minecraft:crafting_table":1,"minecraft:azure_bluet":1,"minecraft:brown_mushroom":21,"minecraft:wither_rose":1,"minecraft:shield":4,"minecraft:string":4,"minecraft:raw_copper":11,"alexsmobs:ancient_dart":2,"minecraft:flint_and_steel":2,"iceandfire:tide_deepblue_chestplate":2,"iceandfire:sea_serpent_scales_bronze":6,"iceandfire:graveyard_soil":9,"iceandfire:bestiary":1,"minecraft:gold_nugget":12,"iceandfire:tide_purple_chestplate":2,"minecraft:beef":30,"minecraft:oak_boat":3,"minecraft:redstone_torch":1,"minecraft:jungle_sapling":1,"minecraft:poppy":4,"minecraft:iron_pickaxe":1,"minecraft:melon_slice":109,"minecraft:chest":2,"minecraft:furnace":1,"minecraft:egg":4,"minecraft:stick":2,"iceandfire:dragonbone":32,"minecraft:copper_ingot":1,"minecraft:torch":111,"minecraft:bowl":1,"iceandfire:tide_purple_leggings":2,"minecraft:arrow":7,"iceandfire:silver_ingot":6,"iceandfire:sea_serpent_scales_purple":4,"minecraft:rotten_flesh":25,"minecraft:beetroot_seeds":8,"iceandfire:tide_purple_helmet":4,"minecraft:saddle":1,"minecraft:gold_ingot":256,"minecraft:oak_chest_boat":1,"minecraft:mutton":11,"minecraft:rail":72,"minecraft:white_wool":5,"minecraft:cobblestone":16,"iceandfire:silver_axe":2,"minecraft:feather":1,"minecraft:cooked_beef":4,"iceandfire:sea_serpent_fang":52,"minecraft:leather":7,"minecraft:golden_leggings":2,"iceandfire:silver_shovel":2,"minecraft:potato":36,"minecraft:filled_map":3,"alexsmobs:bison_fur":1,"alexsmobs:cachalot_whale_tooth":2,"minecraft:mushroom_stew":3,"minecraft:yellow_bed":4,"minecraft:dirt":136,"iceandfire:tide_deepblue_leggings":2,"minecraft:bone":27,"minecraft:acacia_planks":32,"minecraft:wheat_seeds":17,"minecraft:raw_gold":30,"minecraft:iron_ingot":11,"minecraft:stripped_oak_wood":1,"iceandfire:tide_purple_boots":4,"minecraft:bamboo":199,"iceandfire:sea_serpent_scales_deepblue":20,"minecraft:oak_planks":14,"iceandfire:copper_nugget":8,"iceandfire:dragon_horn":2,"minecraft:sweet_berries":14,"minecraft:chiseled_stone_bricks":3,"minecraft:ink_sac":1,"minecraft:white_bed":7,"alexsmobs:animal_dictionary":3,"minecraft:spider_eye":1,"minecraft:mossy_cobblestone":9,"minecraft:dispenser":2,"iceandfire:silver_sword":6,"minecraft:lever":4,"minecraft:bread":32,"iceandfire:tide_deepblue_helmet":1,"alexsmobs:maggot":6,"minecraft:oak_sapling":5,"minecraft:black_wool":1,"iceandfire:raw_silver":1},"minecraft:custom":{"minecraft:mob_kills":26,"minecraft:interact_with_crafting_table":1,"minecraft:leave_game":1,"minecraft:time_since_death":75260,"minecraft:climb_one_cm":5891,"minecraft:sprint_one_cm":302907,"minecraft:walk_one_cm":1071937,"minecraft:damage_blocked_by_shield":10,"minecraft:drop":37,"minecraft:talked_to_villager":1,"minecraft:play_time":208107,"minecraft:deaths":5,"minecraft:sneak_time":533,"minecraft:walk_under_water_one_cm":25375,"minecraft:boat_one_cm":693649,"minecraft:jump":2758,"minecraft:walk_on_water_one_cm":40981,"minecraft:total_world_time":208107,"minecraft:interact_with_furnace":2,"minecraft:interact_with_cartography_table":1,"minecraft:sleep_in_bed":9,"minecraft:time_since_rest":3116,"minecraft:damage_taken":3250,"minecraft:damage_dealt":4233,"minecraft:fly_one_cm":48000,"minecraft:open_chest":1,"minecraft:crouch_one_cm":768,"minecraft:fall_one_cm":72199},"minecraft:used":{"iceandfire:silver_sword":311,"minecraft:poppy":1,"minecraft:chest":1,"minecraft:shield":1,"minecraft:azure_bluet":1,"alexsmobs:maggot":2,"minecraft:egg":3,"minecraft:acacia_planks":1,"minecraft:white_bed":5,"iceandfire:silver_axe":1,"minecraft:melon_slice":45,"minecraft:bread":19,"minecraft:iron_pickaxe":54,"minecraft:yellow_bed":3,"minecraft:oak_boat":1,"iceandfire:silver_shovel":2},"minecraft:killed":{"minecraft:spider":3,"iceandfire:stymphalian_bird":1,"minecraft:skeleton":1,"minecraft:bee":1,"minecraft:sheep":3,"minecraft:mooshroom":1,"alexsmobs:fly":3,"iceandfire:sea_serpent":2,"minecraft:cow":5},"minecraft:killed_by":{"iceandfire:cyclops":1,"minecraft:creeper":1,"minecraft:skeleton":1},"minecraft:dropped":{"minecraft:wheat_seeds":8,"minecraft:mossy_cobblestone":6,"minecraft:cobblestone":12,"minecraft:saddle":1,"minecraft:rail":72,"iceandfire:graveyard_soil":9,"minecraft:dirt":34,"minecraft:mud":2,"minecraft:stripped_oak_wood":1,"minecraft:string":2,"minecraft:white_wool":1,"minecraft:acacia_planks":15,"iceandfire:sea_serpent_scales_deepblue":20,"minecraft:rotten_flesh":14,"minecraft:oak_planks":7,"minecraft:white_bed":1,"minecraft:chiseled_stone_bricks":2,"minecraft:filled_map":1,"minecraft:poppy":1,"minecraft:oak_chest_boat":1,"iceandfire:tide_deepblue_helmet":1,"minecraft:shield":1,"minecraft:oak_sapling":1,"iceandfire:bestiary":1,"minecraft:bamboo":36,"minecraft:egg":1}},"DataVersion":3465}