{"stats":{"minecraft:mined":{"minecraft:podzol":1,"minecraft:jungle_leaves":3,"minecraft:grass":3,"minecraft:grass_block":7,"minecraft:melon":8,"minecraft:cocoa":1,"minecraft:chest":1,"minecraft:redstone_wire":1,"minecraft:bamboo":7},"minecraft:picked_up":{"minecraft:cocoa_beans":3,"minecraft:chiseled_stone_bricks":1,"minecraft:shield":3,"minecraft:dirt":58,"alexsmobs:animal_dictionary":2,"minecraft:mossy_cobblestone":3,"alexsmobs:ancient_dart":1,"minecraft:flint_and_steel":2,"minecraft:dispenser":1,"minecraft:arrow":2,"minecraft:bone":6,"iceandfire:silver_ingot":2,"minecraft:rotten_flesh":5,"minecraft:beetroot_seeds":4,"minecraft:wheat_seeds":3,"iceandfire:silver_sword":3,"minecraft:lever":1,"minecraft:raw_gold":15,"minecraft:gold_ingot":192,"minecraft:jungle_sapling":1,"minecraft:bamboo":127,"minecraft:melon_slice":80,"minecraft:chest":1,"minecraft:cobblestone":4},"minecraft:custom":{"minecraft:time_since_rest":14124,"minecraft:sprint_one_cm":5287,"minecraft:damage_taken":885,"minecraft:walk_one_cm":119194,"minecraft:damage_blocked_by_shield":10,"minecraft:damage_dealt":60,"minecraft:interact_with_crafting_table":1,"minecraft:fly_one_cm":2025,"minecraft:open_chest":1,"minecraft:play_time":28666,"minecraft:sneak_time":41,"minecraft:deaths":2,"minecraft:walk_under_water_one_cm":3310,"minecraft:boat_one_cm":27518,"minecraft:jump":414,"minecraft:walk_on_water_one_cm":1078,"minecraft:time_since_death":14048,"minecraft:sleep_in_bed":1,"minecraft:total_world_time":28666,"minecraft:climb_one_cm":3212,"minecraft:fall_one_cm":11213},"minecraft:used":{"iceandfire:silver_sword":29,"minecraft:melon_slice":7,"minecraft:chest":1,"minecraft:shield":1},"minecraft:killed_by":{"minecraft:skeleton":1,"minecraft:creeper":1}},"DataVersion":3465}